order_id,order_date,ship_date,ship_mode,customer_name,segment,state,country,market,region,product_id,category,sub_category,product_name,sales,quantity,discount,profit,shipping_cost,order_priority,year
AG-2011-2040,01-01-2011,06-01-2011,Standard Class,Toby Braunhardt,Consumer,Constantine,Algeria,Africa,Africa,OFF-TEN-10000025,Office Supplies,Storage,"Tenex Lockers, Blue",0,2,0,106.14,35.46,Medium,2011
IN-2011-47883,01-01-2011,08-01-2011,Standard Class,Joseph Holt,Consumer,New South Wales,Australia,APAC,Oceania,OFF-SU-10000618,Office Supplies,Supplies,"Acme Trimmer, High Speed",1,3,0.1,36.036,9.72,Medium,2011
HU-2011-1220,01-01-2011,05-01-2011,Second Class,Annie Thurman,Consumer,Budapest,Hungary,EMEA,EMEA,OFF-TEN-10001585,Office Supplies,Storage,"Tenex Box, Single Width",1,4,0,29.64,8.17,High,2011
IT-2011-3647632,01-01-2011,05-01-2011,Second Class,Eugene Moren,Home Office,Stockholm,Sweden,EU,North,OFF-PA-10001492,Office Supplies,Paper,"Enermax Note Cards, Premium",0,3,0.5,-26.055,4.82,High,2011
IN-2011-47883,01-01-2011,08-01-2011,Standard Class,Joseph Holt,Consumer,New South Wales,Australia,APAC,Oceania,FUR-FU-10003447,Furniture,Furnishings,"Eldon Light Bulb, Duo Pack",0,5,0.1,37.77,4.7,Medium,2011
IN-2011-47883,01-01-2011,08-01-2011,Standard Class,Joseph Holt,Consumer,New South Wales,Australia,APAC,Oceania,OFF-PA-10001968,Office Supplies,Paper,"Eaton Computer Printout Paper, 8.5 x 11",0,2,0.1,15.342,1.8,Medium,2011
CA-2011-1510,02-01-2011,06-01-2011,Standard Class,Magdelene Morse,Consumer,Ontario,Canada,Canada,Canada,TEC-OKI-10002750,Technology,Machines,"Okidata Inkjet, Wireless",1,1,0,3.12,24.1,Medium,2011
IN-2011-79397,03-01-2011,03-01-2011,Same Day,Kean Nguyen,Corporate,New South Wales,Australia,APAC,Oceania,OFF-AP-10000304,Office Supplies,Appliances,"Hoover Microwave, White",0,1,0.1,110.412,125.32,Critical,2011
ID-2011-80230,03-01-2011,09-01-2011,Standard Class,Ken Lonsdale,Consumer,Auckland,New Zealand,APAC,Oceania,TEC-CO-10004182,Technology,Copiers,"Hewlett Wireless Fax, Laser",1,4,0.4,-319.464,107.1,Low,2011
IZ-2011-4680,03-01-2011,07-01-2011,Standard Class,Lindsay Williams,Corporate,Ninawa,Iraq,EMEA,EMEA,FUR-NOV-10002791,Furniture,Chairs,"Novimex Swivel Stool, Set of Two",1,4,0,253.32,81.26,High,2011
IN-2011-65159,03-01-2011,07-01-2011,Second Class,Larry Blacks,Consumer,National Capital,Philippines,APAC,Southeast Asia,OFF-ST-10003020,Office Supplies,Storage,"Tenex Lockers, Industrial",0,3,0.45,-122.8005,33.75,High,2011
IN-2011-65159,03-01-2011,07-01-2011,Second Class,Larry Blacks,Consumer,National Capital,Philippines,APAC,Southeast Asia,FUR-TA-10002797,Furniture,Tables,"Chromcraft Round Table, Adjustable Height",0,1,0.55,-70.3995,21.32,High,2011
ES-2011-4869686,03-01-2011,07-01-2011,Standard Class,Dorothy Dickinson,Consumer,England,United Kingdom,EU,North,FUR-BO-10000728,Furniture,Bookcases,"Dania Corner Shelving, Traditional",1,7,0,290.43,12.56,Medium,2011
IN-2011-33652,03-01-2011,09-01-2011,Standard Class,Dennis Pardue,Home Office,Sarawak,Malaysia,APAC,Southeast Asia,TEC-CO-10000594,Technology,Copiers,"Hewlett Fax and Copier, Laser",0,1,0,50.13,10.4,Medium,2011
ID-2011-80230,03-01-2011,09-01-2011,Standard Class,Ken Lonsdale,Consumer,Auckland,New Zealand,APAC,Oceania,FUR-CH-10000214,Furniture,Chairs,"Hon Rocking Chair, Set of Two",0,2,0.4,-95.676,10.07,Low,2011
MX-2011-160234,03-01-2011,07-01-2011,Standard Class,Stewart Visinsky,Consumer,Guatemala,Guatemala,LATAM,Central,TEC-PH-10002647,Technology,Phones,"Nokia Headset, VoIP",1,4,0,44.88,8.43,Medium,2011
IR-2011-770,03-01-2011,07-01-2011,Standard Class,Jas O'Carroll,Consumer,Yazd,Iran,EMEA,EMEA,OFF-BRE-10003081,Office Supplies,Appliances,"Breville Coffee Grinder, Black",1,2,0,42.9,8.41,Medium,2011
ID-2011-80230,03-01-2011,09-01-2011,Standard Class,Ken Lonsdale,Consumer,Auckland,New Zealand,APAC,Oceania,TEC-AC-10002881,Technology,Accessories,"Belkin Numeric Keypad, Bluetooth",0,2,0.4,3.42,8.34,Low,2011
ID-2011-80230,03-01-2011,09-01-2011,Standard Class,Ken Lonsdale,Consumer,Auckland,New Zealand,APAC,Oceania,FUR-CH-10000666,Furniture,Chairs,"SAFCO Chairmat, Black",0,2,0.4,-26.412,8.17,Low,2011
ID-2011-12596,03-01-2011,08-01-2011,Standard Class,Chris McAfee,Consumer,Nakhon Ratchasima,Thailand,APAC,Southeast Asia,OFF-ST-10002066,Office Supplies,Storage,"Smead File Cart, Blue",1,2,0.47,-45.9018,7.74,Medium,2011
IN-2011-79397,03-01-2011,03-01-2011,Same Day,Kean Nguyen,Corporate,New South Wales,Australia,APAC,Oceania,OFF-LA-10003396,Office Supplies,Labels,"Avery Color Coded Labels, Laser Printer Compatible",1,3,0.1,4.743,7.46,Critical,2011
IR-2011-7690,03-01-2011,08-01-2011,Second Class,Nat Gilpin,Corporate,Razavi Khorasan,Iran,EMEA,EMEA,OFF-BIC-10000582,Office Supplies,Art,"BIC Sketch Pad, Water Color",0,1,0,7.77,5.91,High,2011
IR-2011-770,03-01-2011,07-01-2011,Standard Class,Jas O'Carroll,Consumer,Yazd,Iran,EMEA,EMEA,OFF-ROG-10004393,Office Supplies,Storage,"Rogers Folders, Industrial",0,2,0,8.7,5.16,Medium,2011
TZ-2011-7370,03-01-2011,08-01-2011,Standard Class,Jack Garza,Consumer,Dar Es Salaam,Tanzania,Africa,Africa,OFF-STI-10000388,Office Supplies,Supplies,"Stiletto Scissors, Serrated",1,4,0,26.76,5.11,Medium,2011
IZ-2011-4680,03-01-2011,07-01-2011,Standard Class,Lindsay Williams,Corporate,Ninawa,Iraq,EMEA,EMEA,OFF-CAM-10004338,Office Supplies,Envelopes,"Cameo Interoffice Envelope, Set of 50",0,1,0,17.07,3.57,High,2011
IN-2011-65159,03-01-2011,07-01-2011,Second Class,Larry Blacks,Consumer,National Capital,Philippines,APAC,Southeast Asia,OFF-FA-10002569,Office Supplies,Fasteners,"Stockwell Staples, Metal",0,1,0.45,0.546,0.8,High,2011
IR-2011-770,03-01-2011,07-01-2011,Standard Class,Jas O'Carroll,Consumer,Yazd,Iran,EMEA,EMEA,OFF-ADV-10000213,Office Supplies,Fasteners,"Advantus Rubber Bands, Metal",0,1,0,4.17,0.54,Medium,2011
MX-2011-111255,04-01-2011,09-01-2011,Second Class,Russell Applegate,Consumer,Parana,Brazil,LATAM,South,FUR-BO-10001498,Furniture,Bookcases,"Dania Classic Bookcase, Pine",1,6,0,609.84,109.13,Medium,2011
MX-2011-140641,04-01-2011,09-01-2011,Standard Class,Maya Herman,Corporate,Yucatán,Mexico,LATAM,North,TEC-AC-10001082,Technology,Accessories,"Enermax Keyboard, Bluetooth",1,4,0,13.28,42.28,High,2011
MX-2011-158771,04-01-2011,11-01-2011,Standard Class,Beth Thompson,Home Office,Granma,Cuba,LATAM,Caribbean,OFF-EN-10000857,Office Supplies,Envelopes,"Jiffy Interoffice Envelope, Set of 50",1,6,0,3.6,16.39,Medium,2011
ES-2011-4939443,04-01-2011,08-01-2011,Standard Class,Arthur Prichep,Consumer,Rhône-Alpes,France,EU,Central,OFF-AR-10001546,Office Supplies,Art,"Binney & Smith Sketch Pad, Easy-Erase",0,3,0,20.88,10.78,Medium,2011
MX-2011-111255,04-01-2011,09-01-2011,Second Class,Russell Applegate,Consumer,Parana,Brazil,LATAM,South,OFF-SU-10003629,Office Supplies,Supplies,"Fiskars Letter Opener, Easy Grip",1,8,0,28.16,10.38,Medium,2011
MX-2011-140641,04-01-2011,09-01-2011,Standard Class,Maya Herman,Corporate,Yucatán,Mexico,LATAM,North,TEC-CO-10002998,Technology,Copiers,"Sharp Ink, Laser",1,2,0.002,49.42824,9.54,High,2011
US-2011-136007,04-01-2011,11-01-2011,Standard Class,Beth Thompson,Home Office,Alagoas,Brazil,LATAM,South,OFF-EN-10004956,Office Supplies,Envelopes,"Jiffy Interoffice Envelope, Set of 50",0,6,0.6,-107.856,7.04,Medium,2011
MX-2011-159373,04-01-2011,08-01-2011,Standard Class,Arthur Wiediger,Home Office,Santiago de Cuba,Cuba,LATAM,Caribbean,FUR-CH-10004827,Furniture,Chairs,"SAFCO Chairmat, Black",1,1,0,6.88,4.25,Medium,2011
MX-2011-159373,04-01-2011,08-01-2011,Standard Class,Arthur Wiediger,Home Office,Santiago de Cuba,Cuba,LATAM,Caribbean,TEC-AC-10003081,Technology,Accessories,"Memorex Mouse, USB",0,2,0,2.24,3.94,Medium,2011
MX-2011-159373,04-01-2011,08-01-2011,Standard Class,Arthur Wiediger,Home Office,Santiago de Cuba,Cuba,LATAM,Caribbean,OFF-EN-10002816,Office Supplies,Envelopes,"Kraft Peel and Seal, Recycled",1,3,0,7.68,3.51,Medium,2011
IT-2011-2942451,04-01-2011,09-01-2011,Standard Class,Grant Thornton,Corporate,England,United Kingdom,EU,North,OFF-AR-10002485,Office Supplies,Art,"Boston Markers, Easy-Erase",0,2,0.5,-21.9,2.11,Medium,2011
CA-2011-103800,04-01-2011,08-01-2011,Standard Class,Darren Powers,Consumer,Texas,United States,US,Central,OFF-PA-10000174,Office Supplies,Paper,"Message Book, Wirebound, Four 5 1/2"" X 4"" Forms/Pg., 200 Dupl. Sets/Book",0,2,0.2,5.5512,1.82,High,2011
IN-2011-33036,04-01-2011,08-01-2011,Standard Class,Bradley Drucker,Consumer,Tottori,Japan,APAC,North Asia,OFF-LA-10000784,Office Supplies,Labels,"Harbour Creations File Folder Labels, 5000 Label Set",0,3,0,13.68,1.54,Medium,2011
IT-2011-2942451,04-01-2011,09-01-2011,Standard Class,Grant Thornton,Corporate,England,United Kingdom,EU,North,OFF-ST-10001426,Office Supplies,Storage,"Eldon Folders, Single Width",1,2,0.5,-1.05,0.9,Medium,2011
SU-2011-5190,04-01-2011,08-01-2011,Standard Class,Jasper Cacioppo,Consumer,Khartoum,Sudan,Africa,Africa,OFF-BOS-10004950,Office Supplies,Art,"Boston Pens, Fluorescent",0,1,0,2.61,0.82,Medium,2011
SU-2011-5190,04-01-2011,08-01-2011,Standard Class,Jasper Cacioppo,Consumer,Khartoum,Sudan,Africa,Africa,OFF-AVE-10003279,Office Supplies,Binders,"Avery Hole Reinforcements, Durable",0,1,0,2.1,0.51,Medium,2011
MX-2011-109267,05-01-2011,09-01-2011,Standard Class,Jennifer Halladay,Consumer,Veracruz,Mexico,LATAM,North,OFF-AP-10004245,Office Supplies,Appliances,"Hoover Stove, Black",1,8,0,999.36,191.2,Medium,2011
ES-2011-3848439,05-01-2011,07-01-2011,First Class,Michael Granlund,Home Office,Rhône-Alpes,France,EU,Central,OFF-AR-10001291,Office Supplies,Art,"Sanford Canvas, Fluorescent",1,4,0,76.56,20.64,Medium,2011
ES-2011-3848439,05-01-2011,07-01-2011,First Class,Michael Granlund,Home Office,Rhône-Alpes,France,EU,Central,OFF-AR-10000833,Office Supplies,Art,"Binney & Smith Pencil Sharpener, Water Color",0,3,0,20.52,15.27,Medium,2011
CA-2011-112326,05-01-2011,09-01-2011,Standard Class,Phillina Ober,Home Office,Illinois,United States,US,Central,OFF-ST-10002743,Office Supplies,Storage,SAFCO Boltless Steel Shelving,1,3,0.2,-64.7748,13.59,High,2011
IN-2011-27681,05-01-2011,11-01-2011,Standard Class,Shaun Weien,Consumer,Taipei City,Taiwan,APAC,North Asia,FUR-FU-10000394,Furniture,Furnishings,"Rubbermaid Photo Frame, Durable",1,1,0,22.92,5.82,Low,2011
CA-2011-112326,05-01-2011,09-01-2011,Standard Class,Phillina Ober,Home Office,Illinois,United States,US,Central,OFF-LA-10003223,Office Supplies,Labels,Avery 508,1,3,0.2,4.2717,0.99,High,2011
CA-2011-112326,05-01-2011,09-01-2011,Standard Class,Phillina Ober,Home Office,Illinois,United States,US,Central,OFF-BI-10004094,Office Supplies,Binders,GBC Standard Plastic Binding Systems Combs,1,2,0.8,-5.487,0.55,High,2011
ES-2011-5496179,06-01-2011,09-01-2011,Second Class,Shahid Hopkins,Consumer,Ile-de-France,France,EU,Central,FUR-FU-10000468,Furniture,Furnishings,"Advantus Frame, Durable",0,3,0,35.64,39.98,High,2011
IN-2011-29963,06-01-2011,10-01-2011,Standard Class,Brosina Hoffman,Consumer,Sumatera Barat,Indonesia,APAC,Southeast Asia,OFF-ST-10000344,Office Supplies,Storage,"Fellowes Box, Industrial",1,3,0.17,6.0084,6.2,High,2011
ID-2011-41632,06-01-2011,13-01-2011,Standard Class,Robert Dilbeck,Home Office,Ho Chí Minh City,Vietnam,APAC,Southeast Asia,OFF-ST-10001631,Office Supplies,Storage,"Tenex Trays, Blue",0,2,0.17,29.2686,3.62,Medium,2011
IN-2011-29963,06-01-2011,10-01-2011,Standard Class,Brosina Hoffman,Consumer,Sumatera Barat,Indonesia,APAC,Southeast Asia,OFF-FA-10000549,Office Supplies,Fasteners,"Advantus Staples, Metal",1,7,0.47,-27.0942,2.63,High,2011
ID-2011-41632,06-01-2011,13-01-2011,Standard Class,Robert Dilbeck,Home Office,Ho Chí Minh City,Vietnam,APAC,Southeast Asia,OFF-PA-10003407,Office Supplies,Paper,"Enermax Memo Slips, Recycled",1,3,0.17,11.5893,2.45,Medium,2011
AO-2011-4910,06-01-2011,11-01-2011,Standard Class,Grace Kelly,Corporate,Luanda,Angola,Africa,Africa,TEC-LOG-10003079,Technology,Accessories,"Logitech Flash Drive, Erganomic",1,1,0,12.72,2,Medium,2011
IN-2011-76107,06-01-2011,10-01-2011,Standard Class,Khloe Miller,Consumer,Jilin,China,APAC,North Asia,OFF-EN-10002166,Office Supplies,Envelopes,"Cameo Manila Envelope, with clear poly window",0,1,0,13.11,1.96,High,2011
CA-2011-141817,06-01-2011,13-01-2011,Standard Class,Mick Brown,Consumer,Pennsylvania,United States,US,East,OFF-AR-10003478,Office Supplies,Art,"Avery Hi-Liter EverBold Pen Style Fluorescent Highlighters, 4/Pack",0,3,0.2,4.884,1.85,Low,2011
CA-2011-167199,07-01-2011,11-01-2011,Standard Class,Maria Etezadi,Home Office,Kentucky,United States,US,South,FUR-CH-10004063,Furniture,Chairs,Global Deluxe High-Back Manager's Chair,0,9,0,746.4078,258.99,High,2011
CA-2011-167199,07-01-2011,11-01-2011,Standard Class,Maria Etezadi,Home Office,Kentucky,United States,US,South,OFF-BI-10004632,Office Supplies,Binders,Ibico Hi-Tech Manual Binding System,1,2,0,274.491,88.07,High,2011
CA-2011-167199,07-01-2011,11-01-2011,Standard Class,Maria Etezadi,Home Office,Kentucky,United States,US,South,TEC-PH-10004977,Technology,Phones,GE 30524EE4,0,2,0,113.6742,62.37,High,2011
MZ-2011-1260,07-01-2011,10-01-2011,First Class,Stewart Visinsky,Consumer,Niassa,Mozambique,Africa,Africa,OFF-ELD-10001694,Office Supplies,Storage,"Eldon File Cart, Single Width",0,2,0,46.02,52.46,High,2011
ID-2011-58670,07-01-2011,11-01-2011,Standard Class,Maribeth Schnelling,Consumer,National Capital,Philippines,APAC,Southeast Asia,TEC-MA-10000868,Technology,Machines,"Panasonic Phone, Wireless",0,7,0.25,-136.71,46.97,High,2011
ID-2011-58670,07-01-2011,11-01-2011,Standard Class,Maribeth Schnelling,Consumer,National Capital,Philippines,APAC,Southeast Asia,TEC-AC-10003413,Technology,Accessories,"Logitech Router, Programmable",0,2,0.45,-44.838,42.19,High,2011
ES-2011-5433855,07-01-2011,08-01-2011,First Class,Dave Poirier,Corporate,Provence-Alpes-Côte d'Azur,France,EU,Central,OFF-ST-10004855,Office Supplies,Storage,"Smead Lockers, Industrial",1,4,0.1,143.16,32.46,Medium,2011
ID-2011-58670,07-01-2011,11-01-2011,Standard Class,Maribeth Schnelling,Consumer,National Capital,Philippines,APAC,Southeast Asia,TEC-MA-10004482,Technology,Machines,"Panasonic Card Printer, White",0,3,0.25,25.8075,26.2,High,2011
LE-2011-9590,07-01-2011,11-01-2011,Standard Class,Harry Marie,Corporate,Beirut,Lebanon,EMEA,EMEA,TEC-HP -10000464,Technology,Copiers,"HP Fax and Copier, Color",0,1,0,71.46,23.84,High,2011
CA-2011-167199,07-01-2011,11-01-2011,Standard Class,Maria Etezadi,Home Office,Kentucky,United States,US,South,TEC-PH-10004539,Technology,Phones,Wireless Extenders zBoost YX545 SOHO Signal Booster,1,4,0,204.1092,13.82,High,2011
MZ-2011-1260,07-01-2011,10-01-2011,First Class,Stewart Visinsky,Consumer,Niassa,Mozambique,Africa,Africa,OFF-STA-10004885,Office Supplies,Art,"Stanley Sketch Pad, Easy-Erase",0,1,0,8.49,13.7,High,2011
ES-2011-5433855,07-01-2011,08-01-2011,First Class,Dave Poirier,Corporate,Provence-Alpes-Côte d'Azur,France,EU,Central,OFF-FA-10002071,Office Supplies,Fasteners,"Accos Thumb Tacks, Assorted Sizes",1,3,0,2.25,9.73,Medium,2011
ES-2011-5433855,07-01-2011,08-01-2011,First Class,Dave Poirier,Corporate,Provence-Alpes-Côte d'Azur,France,EU,Central,FUR-BO-10000265,Furniture,Bookcases,"Bush Floating Shelf Set, Pine",0,1,0.1,36.228,5.72,Medium,2011
CA-2011-130813,07-01-2011,09-01-2011,Second Class,Lycoris Saunders,Consumer,California,United States,US,West,OFF-PA-10002005,Office Supplies,Paper,Xerox 225,0,3,0,9.3312,4.37,High,2011
AG-2011-7230,07-01-2011,11-01-2011,Standard Class,Alyssa Crouse,Corporate,Alger,Algeria,Africa,Africa,OFF-STA-10000244,Office Supplies,Art,"Stanley Sketch Pad, Fluorescent",1,2,0,14.58,4.36,Medium,2011
MX-2011-135629,07-01-2011,07-01-2011,Same Day,Dorothy Dickinson,Consumer,São Paulo,Brazil,LATAM,South,OFF-FA-10001871,Office Supplies,Fasteners,"Stockwell Rubber Bands, Bulk Pack",0,4,0,6,3.94,High,2011
MX-2011-135629,07-01-2011,07-01-2011,Same Day,Dorothy Dickinson,Consumer,São Paulo,Brazil,LATAM,South,OFF-BI-10000136,Office Supplies,Binders,"Ibico Index Tab, Durable",0,3,0,2.4,3.69,High,2011
CA-2011-106054,07-01-2011,08-01-2011,First Class,Jack O'Briant,Corporate,Georgia,United States,US,South,OFF-AR-10002399,Office Supplies,Art,"Dixon Prang Watercolor Pencils, 10-Color Set with Brush",0,3,0,5.2398,3.51,Critical,2011
ID-2011-58670,07-01-2011,11-01-2011,Standard Class,Maribeth Schnelling,Consumer,National Capital,Philippines,APAC,Southeast Asia,OFF-AR-10003684,Office Supplies,Art,"BIC Sketch Pad, Fluorescent",0,1,0.45,-4.494,3.21,High,2011
LE-2011-9590,07-01-2011,11-01-2011,Standard Class,Harry Marie,Corporate,Beirut,Lebanon,EMEA,EMEA,FUR-ADV-10000847,Furniture,Furnishings,"Advantus Stacking Tray, Black",0,1,0,7.38,2.88,High,2011
CA-2011-167199,07-01-2011,11-01-2011,Standard Class,Maria Etezadi,Home Office,Kentucky,United States,US,South,OFF-FA-10001883,Office Supplies,Fasteners,"Alliance Super-Size Bands, Assorted Sizes",1,4,0,0.3112,2.19,High,2011
CA-2011-167199,07-01-2011,11-01-2011,Standard Class,Maria Etezadi,Home Office,Kentucky,United States,US,South,OFF-PA-10000955,Office Supplies,Paper,Southworth 25% Cotton Granite Paper & Envelopes,1,1,0,3.0084,1.13,High,2011
ID-2011-28752,07-01-2011,12-01-2011,Standard Class,Adam Bellavance,Home Office,Singapore,Singapore,APAC,Southeast Asia,OFF-LA-10002875,Office Supplies,Labels,"Novimex Shipping Labels, Adjustable",0,2,0,5.46,0.89,Medium,2011
CA-2011-167199,07-01-2011,11-01-2011,Standard Class,Maria Etezadi,Home Office,Kentucky,United States,US,South,OFF-AR-10001662,Office Supplies,Art,Rogers Handheld Barrel Pencil Sharpener,0,2,0,1.4796,0.52,High,2011
IT-2011-5134922,07-01-2011,10-01-2011,First Class,Joy Smith,Consumer,Groningen,Netherlands,EU,Central,OFF-AR-10000316,Office Supplies,Art,"Stanley Pens, Blue",1,1,0.5,-0.105,0.28,Medium,2011
AO-2011-1670,08-01-2011,13-01-2011,Standard Class,Henia Zydlo,Consumer,Benguela,Angola,Africa,Africa,FUR-IKE-10001539,Furniture,Bookcases,"Ikea Classic Bookcase, Pine",0,6,0,49.5,349.87,High,2011
IN-2011-19330,08-01-2011,12-01-2011,Second Class,Nicole Fjeld,Home Office,Yunnan,China,APAC,North Asia,TEC-MA-10002468,Technology,Machines,"Panasonic Inkjet, White",0,7,0,260.82,275.52,Medium,2011
IT-2011-4546695,08-01-2011,14-01-2011,Standard Class,Darren Powers,Consumer,Midi-Pyrénées,France,EU,Central,FUR-BO-10003103,Furniture,Bookcases,"Ikea Classic Bookcase, Metal",0,6,0.6,-1011.636,65.64,Medium,2011
MX-2011-121202,08-01-2011,13-01-2011,Second Class,Christopher Martinez,Consumer,Guatemala,Guatemala,LATAM,Central,OFF-ST-10002471,Office Supplies,Storage,"Smead Lockers, Single Width",1,3,0,182.52,33.67,Medium,2011
CA-2011-105417,08-01-2011,13-01-2011,Standard Class,Vivek Sundaresam,Consumer,Texas,United States,US,Central,FUR-FU-10004864,Furniture,Furnishings,"Howard Miller 14-1/2"" Diameter Chrome Round Wall Clock",1,3,0.6,-53.7096,6.69,Medium,2011
MX-2011-121202,08-01-2011,13-01-2011,Second Class,Christopher Martinez,Consumer,Guatemala,Guatemala,LATAM,Central,OFF-BI-10002937,Office Supplies,Binders,"Wilson Jones Binder Covers, Clear",1,7,0,20.3,5.66,Medium,2011
IT-2011-4546695,08-01-2011,14-01-2011,Standard Class,Darren Powers,Consumer,Midi-Pyrénées,France,EU,Central,OFF-AR-10000110,Office Supplies,Art,"Binney & Smith Sketch Pad, Blue",1,5,0.5,-55.65,3.91,Medium,2011
NI-2011-4770,08-01-2011,11-01-2011,Second Class,Joe Elijah,Consumer,Lagos,Nigeria,Africa,Africa,OFF-AVE-10000608,Office Supplies,Binders,"Avery Index Tab, Economy",1,2,0.7,-4.542,0.82,High,2011
CA-2011-105417,08-01-2011,13-01-2011,Standard Class,Vivek Sundaresam,Consumer,Texas,United States,US,Central,OFF-BI-10003708,Office Supplies,Binders,"Acco Four Pocket Poly Ring Binder with Label Holder, Smoke, 1""",1,7,0.8,-18.2525,0.63,Medium,2011
ID-2011-20814,09-01-2011,13-01-2011,Standard Class,Ed Braxton,Corporate,Jawa Timur,Indonesia,APAC,Southeast Asia,TEC-PH-10001730,Technology,Phones,"Motorola Signal Booster, Full Size",1,2,0.17,-11.6028,34.99,High,2011
IN-2011-69366,09-01-2011,14-01-2011,Standard Class,Alejandro Grove,Consumer,Kiên Giang,Vietnam,APAC,Southeast Asia,TEC-AC-10000354,Technology,Accessories,"Belkin Numeric Keypad, USB",1,6,0.47,-156.6792,17.09,Medium,2011
ID-2011-46483,09-01-2011,13-01-2011,Standard Class,Sample Company A,Home Office,Calabarzon,Philippines,APAC,Southeast Asia,OFF-ST-10001342,Office Supplies,Storage,"Fellowes Trays, Blue",1,5,0.45,-2.9775,10.08,High,2011
IN-2011-69366,09-01-2011,14-01-2011,Standard Class,Alejandro Grove,Consumer,Kiên Giang,Vietnam,APAC,Southeast Asia,TEC-PH-10003823,Technology,Phones,"Apple Headset, Full Size",1,2,0.17,32.793,7.93,Medium,2011
ID-2011-46483,09-01-2011,13-01-2011,Standard Class,Sample Company A,Home Office,Calabarzon,Philippines,APAC,Southeast Asia,OFF-FA-10000577,Office Supplies,Fasteners,"Stockwell Push Pins, 12 Pack",0,7,0.45,4.5885,5.55,High,2011
IN-2011-69366,09-01-2011,14-01-2011,Standard Class,Alejandro Grove,Consumer,Kiên Giang,Vietnam,APAC,Southeast Asia,OFF-LA-10000668,Office Supplies,Labels,"Smead Removable Labels, Adjustable",1,5,0.17,17.8935,3.31,Medium,2011
ID-2011-46483,09-01-2011,13-01-2011,Standard Class,Sample Company A,Home Office,Calabarzon,Philippines,APAC,Southeast Asia,OFF-PA-10003405,Office Supplies,Paper,"Green Bar Memo Slips, Premium",1,1,0.45,-1.7175,0.69,High,2011
IN-2011-69366,09-01-2011,14-01-2011,Standard Class,Alejandro Grove,Consumer,Kiên Giang,Vietnam,APAC,Southeast Asia,OFF-BI-10003874,Office Supplies,Binders,"Avery Index Tab, Clear",0,2,0.17,0.0714,0.25,Medium,2011
IN-2011-61302,10-01-2011,11-01-2011,First Class,Dan Lawera,Consumer,Queensland,Australia,APAC,Oceania,TEC-PH-10004664,Technology,Phones,"Nokia Smart Phone, with Caller ID",1,5,0.1,511.095,665.27,Medium,2011
HU-2011-1380,10-01-2011,10-01-2011,Same Day,Elpida Rittenbach,Corporate,Budapest,Hungary,EMEA,EMEA,FUR-IKE-10002894,Furniture,Bookcases,"Ikea Library with Doors, Traditional",0,1,0,159.87,134.59,Critical,2011
HU-2011-1380,10-01-2011,10-01-2011,Same Day,Elpida Rittenbach,Corporate,Budapest,Hungary,EMEA,EMEA,TEC-CAN-10004354,Technology,Copiers,"Canon Ink, Laser",1,4,0,276.6,114.15,Critical,2011
EG-2011-4260,10-01-2011,12-01-2011,Second Class,Sanjit Jacobs,Home Office,Al Qahirah,Egypt,Africa,Africa,FUR-CHR-10004803,Furniture,Tables,"Chromcraft Wood Table, Fully Assembled",1,2,0,445.26,80.13,High,2011
HU-2011-1380,10-01-2011,10-01-2011,Same Day,Elpida Rittenbach,Corporate,Budapest,Hungary,EMEA,EMEA,OFF-SAN-10003226,Office Supplies,Paper,"SanDisk Message Books, Recycled",1,6,0,63.9,67.79,Critical,2011
HU-2011-1380,10-01-2011,10-01-2011,Same Day,Elpida Rittenbach,Corporate,Budapest,Hungary,EMEA,EMEA,OFF-SAN-10000874,Office Supplies,Art,"Sanford Pencil Sharpener, Fluorescent",0,6,0,54.18,58.32,Critical,2011
HU-2011-1380,10-01-2011,10-01-2011,Same Day,Elpida Rittenbach,Corporate,Budapest,Hungary,EMEA,EMEA,TEC-EPS-10000774,Technology,Machines,"Epson Phone, Red",0,2,0,23.4,52.91,Critical,2011
AG-2011-1070,10-01-2011,15-01-2011,Second Class,Tiffany House,Corporate,Constantine,Algeria,Africa,Africa,OFF-HOO-10001783,Office Supplies,Appliances,"Hoover Microwave, Red",1,1,0,61.71,31.41,Medium,2011
US-2011-101091,10-01-2011,16-01-2011,Standard Class,Jocasta Rupert,Consumer,Carabobo,Venezuela,LATAM,South,TEC-CO-10001818,Technology,Copiers,"Sharp Wireless Fax, Digital",0,3,0.402,-278.79024,26.72,Medium,2011
HU-2011-1380,10-01-2011,10-01-2011,Same Day,Elpida Rittenbach,Corporate,Budapest,Hungary,EMEA,EMEA,OFF-EAT-10002068,Office Supplies,Paper,"Eaton Note Cards, Premium",1,2,0,0,16.06,Critical,2011
IT-2011-3659171,10-01-2011,14-01-2011,Standard Class,Greg Guthrie,Corporate,England,United Kingdom,EU,North,OFF-ST-10004695,Office Supplies,Storage,"Fellowes File Cart, Blue",1,3,0.5,-41.265,14.65,Medium,2011
HU-2011-1380,10-01-2011,10-01-2011,Same Day,Elpida Rittenbach,Corporate,Budapest,Hungary,EMEA,EMEA,OFF-CAM-10001249,Office Supplies,Envelopes,"Cameo Mailers, with clear poly window",1,1,0,1.65,13.08,Critical,2011
MX-2011-140697,10-01-2011,15-01-2011,Standard Class,Paul MacIntyre,Consumer,México,Mexico,LATAM,North,OFF-ST-10002251,Office Supplies,Storage,"Fellowes Shelving, Wire Frame",0,3,0,56.88,8.93,Medium,2011
IN-2011-13065,10-01-2011,11-01-2011,First Class,Patrick O'Donnell,Consumer,Guangxi,China,APAC,North Asia,OFF-SU-10003559,Office Supplies,Supplies,"Kleencut Ruler, Steel",0,2,0,5.4,5.86,High,2011
IN-2011-61302,10-01-2011,11-01-2011,First Class,Dan Lawera,Consumer,Queensland,Australia,APAC,Oceania,OFF-LA-10000879,Office Supplies,Labels,"Hon File Folder Labels, Alphabetical",0,4,0.1,12.096,5.54,Medium,2011
IN-2011-13065,10-01-2011,11-01-2011,First Class,Patrick O'Donnell,Consumer,Guangxi,China,APAC,North Asia,OFF-BI-10002853,Office Supplies,Binders,"Avery Binder Covers, Recycled",0,3,0,16.11,5.26,High,2011
HU-2011-1380,10-01-2011,10-01-2011,Same Day,Elpida Rittenbach,Corporate,Budapest,Hungary,EMEA,EMEA,TEC-STA-10000546,Technology,Machines,"StarTech Calculator, Red",0,1,0,5.55,4.32,Critical,2011
IN-2011-61302,10-01-2011,11-01-2011,First Class,Dan Lawera,Consumer,Queensland,Australia,APAC,Oceania,OFF-PA-10003731,Office Supplies,Paper,"Enermax Note Cards, Premium",0,6,0.1,53.694,3.02,Medium,2011
HU-2011-1380,10-01-2011,10-01-2011,Same Day,Elpida Rittenbach,Corporate,Budapest,Hungary,EMEA,EMEA,OFF-SAN-10001128,Office Supplies,Art,"Sanford Pens, Easy-Erase",0,1,0,2.61,2.59,Critical,2011
HU-2011-1380,10-01-2011,10-01-2011,Same Day,Elpida Rittenbach,Corporate,Budapest,Hungary,EMEA,EMEA,OFF-AVE-10000357,Office Supplies,Binders,"Avery Binder Covers, Clear",0,1,0,2.4,2.03,Critical,2011
SF-2011-6400,10-01-2011,14-01-2011,Standard Class,Ricardo Sperren,Corporate,North-West,South Africa,Africa,Africa,OFF-ACC-10003422,Office Supplies,Binders,"Acco Binder, Durable",0,1,0,4.65,1.29,Medium,2011
CA-2011-135405,10-01-2011,14-01-2011,Standard Class,Melanie Seite,Consumer,Texas,United States,US,Central,TEC-AC-10001266,Technology,Accessories,Memorex Micro Travel Drive 8 GB,1,3,0.2,9.75,1.13,Medium,2011
ID-2011-13660,10-01-2011,15-01-2011,Second Class,Brian Dahlen,Consumer,Bangkok,Thailand,APAC,Southeast Asia,OFF-FA-10003615,Office Supplies,Fasteners,"Stockwell Staples, Assorted Sizes",1,3,0.47,-5.6826,1.04,Medium,2011
MX-2011-140697,10-01-2011,15-01-2011,Standard Class,Paul MacIntyre,Consumer,México,Mexico,LATAM,North,OFF-SU-10003739,Office Supplies,Supplies,"Elite Scissors, Easy Grip",1,1,0,1.76,0.89,Medium,2011
CA-2011-135405,10-01-2011,14-01-2011,Standard Class,Melanie Seite,Consumer,Texas,United States,US,Central,OFF-AR-10004078,Office Supplies,Art,Newell 312,1,2,0.2,1.168,0.21,Medium,2011
ES-2011-5158390,11-01-2011,11-01-2011,Same Day,Roy Collins,Consumer,England,United Kingdom,EU,North,FUR-CH-10004255,Furniture,Chairs,"SAFCO Executive Leather Armchair, Red",0,3,0,13.77,178.98,Medium,2011
US-2011-163874,11-01-2011,12-01-2011,First Class,Philip Fox,Consumer,México,Mexico,LATAM,North,OFF-ST-10003741,Office Supplies,Storage,"Smead Lockers, Blue",0,10,0,238,103.84,Medium,2011
US-2011-163874,11-01-2011,12-01-2011,First Class,Philip Fox,Consumer,México,Mexico,LATAM,North,FUR-BO-10002214,Furniture,Bookcases,"Dania Floating Shelf Set, Traditional",1,5,0.2,-107.3,57.75,Medium,2011
IN-2011-39308,11-01-2011,18-01-2011,Standard Class,David Flashing,Consumer,Jawa Barat,Indonesia,APAC,Southeast Asia,TEC-PH-10002806,Technology,Phones,"Apple Audio Dock, VoIP",0,4,0.17,40.0536,42.43,Medium,2011
IN-2011-79761,11-01-2011,16-01-2011,Standard Class,Steve Carroll,Home Office,Calabarzon,Philippines,APAC,Southeast Asia,TEC-CO-10001895,Technology,Copiers,"Sharp Wireless Fax, Color",1,3,0.35,-343.098,40.16,Medium,2011
US-2011-163874,11-01-2011,12-01-2011,First Class,Philip Fox,Consumer,México,Mexico,LATAM,North,TEC-PH-10002755,Technology,Phones,"Apple Headset, VoIP",1,5,0,88,39.11,Medium,2011
IN-2011-39308,11-01-2011,18-01-2011,Standard Class,David Flashing,Consumer,Jawa Barat,Indonesia,APAC,Southeast Asia,OFF-AR-10003613,Office Supplies,Art,"Sanford Canvas, Easy-Erase",1,9,0.27,13.4703,23.56,Medium,2011
ES-2011-4359424,11-01-2011,15-01-2011,Standard Class,Dorothy Dickinson,Consumer,Murcia,Spain,EU,South,FUR-TA-10001693,Furniture,Tables,"Bevis Training Table, with Bottom Storage",1,2,0.6,-341.736,21.49,High,2011
ES-2011-5158390,11-01-2011,11-01-2011,Same Day,Roy Collins,Consumer,England,United Kingdom,EU,North,OFF-AR-10001599,Office Supplies,Art,"Binney & Smith Canvas, Blue",1,2,0,19.5,20.54,Medium,2011
IN-2011-39308,11-01-2011,18-01-2011,Standard Class,David Flashing,Consumer,Jawa Barat,Indonesia,APAC,Southeast Asia,FUR-FU-10001096,Furniture,Furnishings,"Advantus Clock, Black",1,5,0.27,2.4735,15.77,Medium,2011
IN-2011-29872,11-01-2011,15-01-2011,Standard Class,Dianna Vittorini,Consumer,Jammu and Kashmir,India,APAC,Central Asia,FUR-FU-10001471,Furniture,Furnishings,"Eldon Door Stop, Durable",1,3,0,52.38,15.62,High,2011
TU-2011-800,11-01-2011,15-01-2011,Standard Class,Chuck Sachs,Consumer,Bursa,Turkey,EMEA,EMEA,FUR-SAF-10003540,Furniture,Bookcases,"Safco Floating Shelf Set, Metal",1,2,0.6,-117.72,12.45,High,2011
ID-2011-82589,11-01-2011,15-01-2011,Standard Class,Tanja Norvell,Home Office,Otago,New Zealand,APAC,Oceania,OFF-EN-10000128,Office Supplies,Envelopes,"GlobeWeis Interoffice Envelope, Set of 50",1,4,0.4,-47.832,10.52,Medium,2011
ES-2011-1466305,11-01-2011,15-01-2011,Standard Class,Mick Brown,Consumer,Vienna,Austria,EU,Central,OFF-ST-10003446,Office Supplies,Storage,"Smead Trays, Single Width",0,2,0,31.02,7.99,High,2011
IN-2011-79761,11-01-2011,16-01-2011,Standard Class,Steve Carroll,Home Office,Calabarzon,Philippines,APAC,Southeast Asia,FUR-FU-10000256,Furniture,Furnishings,"Rubbermaid Photo Frame, Duo Pack",1,2,0.25,23.775,7.09,Medium,2011
US-2011-163874,11-01-2011,12-01-2011,First Class,Philip Fox,Consumer,México,Mexico,LATAM,North,OFF-AP-10000569,Office Supplies,Appliances,"KitchenAid Coffee Grinder, Black",1,3,0,32.1,6.47,Medium,2011
ES-2011-1466305,11-01-2011,15-01-2011,Standard Class,Mick Brown,Consumer,Vienna,Austria,EU,Central,OFF-AR-10004519,Office Supplies,Art,"Boston Canvas, Fluorescent",1,1,0,9.87,5.83,High,2011
CA-2011-149020,11-01-2011,16-01-2011,Standard Class,Anthony Jacobs,Corporate,Virginia,United States,US,South,FUR-FU-10000965,Furniture,Furnishings,"Howard Miller 11-1/2"" Diameter Ridgewood Wall Clock",0,1,0,21.2954,3.52,Medium,2011
ES-2011-4359424,11-01-2011,15-01-2011,Standard Class,Dorothy Dickinson,Consumer,Murcia,Spain,EU,South,OFF-LA-10002733,Office Supplies,Labels,"Novimex File Folder Labels, Alphabetical",1,5,0,5.55,2.57,High,2011
ES-2011-1138719,11-01-2011,16-01-2011,Standard Class,Eric Murdock,Consumer,Liguria,Italy,EU,South,OFF-BI-10001833,Office Supplies,Binders,"Ibico Hole Reinforcements, Recycled",0,3,0,6.75,1.09,Medium,2011
IN-2011-39308,11-01-2011,18-01-2011,Standard Class,David Flashing,Consumer,Jawa Barat,Indonesia,APAC,Southeast Asia,OFF-BI-10004334,Office Supplies,Binders,"Avery Hole Reinforcements, Durable",0,1,0.17,-0.0147,0.3,Medium,2011
CA-2011-149020,11-01-2011,16-01-2011,Standard Class,Anthony Jacobs,Corporate,Virginia,United States,US,South,OFF-LA-10004272,Office Supplies,Labels,Avery 482,1,1,0,1.3583,0.22,Medium,2011
MX-2011-141530,12-01-2011,17-01-2011,Standard Class,Thomas Seio,Corporate,Coahuila,Mexico,LATAM,North,TEC-AC-10004743,Technology,Accessories,"Logitech Router, USB",1,3,0,178.2,54.55,Medium,2011
MX-2011-141530,12-01-2011,17-01-2011,Standard Class,Thomas Seio,Corporate,Coahuila,Mexico,LATAM,North,TEC-CO-10003142,Technology,Copiers,"Hewlett Fax and Copier, Laser",0,3,0.002,68.64852,38.19,Medium,2011
ES-2011-1460199,12-01-2011,19-01-2011,Standard Class,Roy Phan,Corporate,Lower Saxony,Germany,EU,Central,FUR-BO-10004080,Furniture,Bookcases,"Ikea Stackable Bookrack, Traditional",1,5,0.1,165.36,35.98,Medium,2011
ES-2011-1460199,12-01-2011,19-01-2011,Standard Class,Roy Phan,Corporate,Lower Saxony,Germany,EU,Central,TEC-MA-10003078,Technology,Machines,"Epson Printer, White",1,2,0,20.88,28.92,Medium,2011
ES-2011-4976144,12-01-2011,17-01-2011,Standard Class,Anthony Garverick,Home Office,England,United Kingdom,EU,North,FUR-CH-10000745,Furniture,Chairs,"Hon Chairmat, Adjustable",0,5,0,69.6,18.63,Medium,2011
ES-2011-5040255,12-01-2011,15-01-2011,First Class,Peter Bühler,Consumer,England,United Kingdom,EU,North,OFF-PA-10000450,Office Supplies,Paper,"Green Bar Note Cards, Multicolor",0,2,0.5,-6.15,7.31,Medium,2011
ES-2011-1460199,12-01-2011,19-01-2011,Standard Class,Roy Phan,Corporate,Lower Saxony,Germany,EU,Central,OFF-AR-10001599,Office Supplies,Art,"Binney & Smith Canvas, Blue",0,5,0,48.75,7.28,Medium,2011
CA-2011-130092,12-01-2011,15-01-2011,First Class,Seth Vernon,Consumer,Delaware,United States,US,East,FUR-FU-10000010,Furniture,Furnishings,"DAX Value U-Channel Document Frames, Easel Back",1,2,0,3.0814,2.69,Critical,2011
ES-2011-1460199,12-01-2011,19-01-2011,Standard Class,Roy Phan,Corporate,Lower Saxony,Germany,EU,Central,OFF-BI-10000081,Office Supplies,Binders,"Ibico Index Tab, Clear",0,2,0,6.18,2.08,Medium,2011
NI-2011-1670,12-01-2011,16-01-2011,Standard Class,Shaun Chance,Corporate,Lagos,Nigeria,Africa,Africa,OFF-FEL-10001792,Office Supplies,Storage,"Fellowes Folders, Wire Frame",0,2,0.7,-22.458,1.27,Medium,2011
NI-2011-1670,12-01-2011,16-01-2011,Standard Class,Shaun Chance,Corporate,Lagos,Nigeria,Africa,Africa,OFF-BIC-10000582,Office Supplies,Art,"BIC Sketch Pad, Water Color",0,1,0.7,-28.518,1.27,Medium,2011
NI-2011-1670,12-01-2011,16-01-2011,Standard Class,Shaun Chance,Corporate,Lagos,Nigeria,Africa,Africa,OFF-AVE-10000065,Office Supplies,Labels,"Avery Removable Labels, Alphabetical",1,4,0.7,-21.648,0.62,Medium,2011
NI-2011-1670,12-01-2011,16-01-2011,Standard Class,Shaun Chance,Corporate,Lagos,Nigeria,Africa,Africa,OFF-KLE-10001317,Office Supplies,Supplies,"Kleencut Ruler, Easy Grip",0,1,0.7,-10.326,0.43,Medium,2011
NI-2011-1670,12-01-2011,16-01-2011,Standard Class,Shaun Chance,Corporate,Lagos,Nigeria,Africa,Africa,OFF-ADV-10003030,Office Supplies,Fasteners,"Advantus Staples, 12 Pack",1,1,0.7,-6.483,0.25,Medium,2011
NI-2011-1670,12-01-2011,16-01-2011,Standard Class,Shaun Chance,Corporate,Lagos,Nigeria,Africa,Africa,OFF-FEL-10003848,Office Supplies,Storage,"Fellowes Trays, Industrial",0,1,0.7,-26.649,0.24,Medium,2011
EG-2011-4270,13-01-2011,18-01-2011,Standard Class,Roger Demir,Consumer,Aswan,Egypt,Africa,Africa,OFF-SME-10004553,Office Supplies,Storage,"Smead Lockers, Blue",0,4,0,134.88,76.6,Medium,2011
EG-2011-4270,13-01-2011,18-01-2011,Standard Class,Roger Demir,Consumer,Aswan,Egypt,Africa,Africa,TEC-HP -10001574,Technology,Copiers,"HP Fax Machine, Laser",1,4,0,479.88,55.62,Medium,2011
MX-2011-150567,13-01-2011,17-01-2011,Standard Class,Ben Wallace,Consumer,Jalisco,Mexico,LATAM,North,TEC-MA-10000560,Technology,Machines,"StarTech Inkjet, Wireless",0,1,0,100.62,31.78,High,2011
IT-2011-5340302,13-01-2011,19-01-2011,Standard Class,Greg Matthias,Consumer,South Holland,Netherlands,EU,Central,OFF-ST-10002506,Office Supplies,Storage,"Smead Lockers, Blue",1,2,0.5,-130.98,14.53,Medium,2011
EG-2011-4270,13-01-2011,18-01-2011,Standard Class,Roger Demir,Consumer,Aswan,Egypt,Africa,Africa,OFF-FEL-10001343,Office Supplies,Storage,"Fellowes Box, Wire Frame",0,2,0,17.22,2.66,Medium,2011
US-2011-105760,13-01-2011,17-01-2011,Standard Class,James Lanier,Home Office,Anzoátegui,Venezuela,LATAM,South,OFF-SU-10001794,Office Supplies,Supplies,"Elite Ruler, Steel",1,5,0.4,-8,2.2,High,2011
IT-2011-5951216,13-01-2011,20-01-2011,Standard Class,Stuart Calhoun,Consumer,Västra Götaland,Sweden,EU,North,OFF-AR-10004884,Office Supplies,Art,"Sanford Pens, Fluorescent",1,5,0.5,-13.65,2.16,Medium,2011
IT-2011-5340302,13-01-2011,19-01-2011,Standard Class,Greg Matthias,Consumer,South Holland,Netherlands,EU,Central,OFF-PA-10002040,Office Supplies,Paper,"Green Bar Cards & Envelopes, Multicolor",0,2,0.5,-37.86,1.51,Medium,2011
IT-2011-5340302,13-01-2011,19-01-2011,Standard Class,Greg Matthias,Consumer,South Holland,Netherlands,EU,Central,OFF-LA-10002353,Office Supplies,Labels,"Harbour Creations Legal Exhibit Labels, Laser Printer Compatible",1,4,0.5,-12.3,1.29,Medium,2011
IN-2011-38349,13-01-2011,17-01-2011,Standard Class,Cari Sayre,Corporate,South Australia,Australia,APAC,Oceania,OFF-LA-10002765,Office Supplies,Labels,"Harbour Creations Legal Exhibit Labels, Adjustable",1,2,0.1,0.33,0.72,Medium,2011
IT-2011-5340302,13-01-2011,19-01-2011,Standard Class,Greg Matthias,Consumer,South Holland,Netherlands,EU,Central,OFF-BI-10001055,Office Supplies,Binders,"Wilson Jones Hole Reinforcements, Durable",0,3,0.5,-3.465,0.43,Medium,2011
CA-2011-157147,14-01-2011,19-01-2011,Standard Class,Brian Dahlen,Consumer,California,United States,US,West,OFF-ST-10000078,Office Supplies,Storage,Tennsco 6- and 18-Compartment Lockers,1,5,0,238.653,187.65,High,2011
CA-2011-162775,14-01-2011,16-01-2011,Second Class,Chris Selesnick,Corporate,Louisiana,United States,US,South,OFF-ST-10000025,Office Supplies,Storage,Fellowes Stor/Drawer Steel Plus Storage Drawers,1,6,0,34.3548,146.29,Critical,2011
CA-2011-162775,14-01-2011,16-01-2011,Second Class,Chris Selesnick,Corporate,Louisiana,United States,US,South,TEC-AC-10003174,Technology,Accessories,Plantronics S12 Corded Telephone Headset System,0,6,0,258.696,141.35,Critical,2011
ES-2011-1043483,14-01-2011,19-01-2011,Standard Class,Sharelle Roach,Home Office,Vienna,Austria,EU,Central,TEC-MA-10002918,Technology,Machines,"StarTech Card Printer, White",1,3,0,77.67,53.02,High,2011
CA-2011-109232,14-01-2011,17-01-2011,Second Class,Natalie DeCherney,Consumer,South Carolina,United States,US,South,FUR-CH-10000422,Furniture,Chairs,Global Highback Leather Tilter in Burgundy,1,6,0,87.3504,52.32,Medium,2011
ES-2011-1043483,14-01-2011,19-01-2011,Standard Class,Sharelle Roach,Home Office,Vienna,Austria,EU,Central,TEC-PH-10003847,Technology,Phones,"Apple Headset, with Caller ID",1,6,0,65.88,49.92,High,2011
CA-2011-157147,14-01-2011,19-01-2011,Standard Class,Brian Dahlen,Consumer,California,United States,US,West,FUR-BO-10003034,Furniture,Bookcases,"O'Sullivan Elevations Bookcase, Cherry Finish",0,3,0.15,3.9294,40.44,High,2011
ES-2011-1043483,14-01-2011,19-01-2011,Standard Class,Sharelle Roach,Home Office,Vienna,Austria,EU,Central,OFF-PA-10001650,Office Supplies,Paper,"Xerox Message Books, Premium",1,11,0,102.96,30.34,High,2011
MX-2011-135979,14-01-2011,20-01-2011,Standard Class,Bart Pistole,Corporate,Estelí,Nicaragua,LATAM,Central,FUR-BO-10001295,Furniture,Bookcases,"Safco Floating Shelf Set, Traditional",0,3,0,180.96,27.67,Medium,2011
MX-2011-168599,14-01-2011,15-01-2011,First Class,Ted Butterfield,Consumer,Baja California,Mexico,LATAM,North,OFF-EN-10004870,Office Supplies,Envelopes,"Jiffy Mailers, Security-Tint",0,4,0,18.96,26.23,High,2011
SF-2011-7680,14-01-2011,21-01-2011,Standard Class,Steve Nguyen,Home Office,Eastern Cape,South Africa,Africa,Africa,OFF-SAN-10001128,Office Supplies,Art,"Sanford Pens, Easy-Erase",1,12,0,31.32,23.89,Low,2011
CA-2011-162775,14-01-2011,16-01-2011,Second Class,Chris Selesnick,Corporate,Louisiana,United States,US,South,OFF-EN-10001532,Office Supplies,Envelopes,Brown Kraft Recycled Envelopes,1,3,0,25.47,12.66,Critical,2011
MX-2011-135979,14-01-2011,20-01-2011,Standard Class,Bart Pistole,Corporate,Estelí,Nicaragua,LATAM,Central,OFF-PA-10004155,Office Supplies,Paper,"Eaton Computer Printout Paper, 8.5 x 11",0,12,0,7.2,11.88,Medium,2011
TU-2011-4040,14-01-2011,18-01-2011,Standard Class,Bruce Degenhardt,Consumer,Gaziantep,Turkey,EMEA,EMEA,OFF-FEL-10001261,Office Supplies,Storage,"Fellowes File Cart, Blue",0,2,0.6,-54.972,11.53,Medium,2011
ID-2011-16453,14-01-2011,21-01-2011,Standard Class,Muhammed Yedwab,Corporate,National Capital,Philippines,APAC,Southeast Asia,FUR-FU-10000944,Furniture,Furnishings,"Tenex Door Stop, Black",0,3,0.25,-23.7375,9.71,Low,2011
ID-2011-16453,14-01-2011,21-01-2011,Standard Class,Muhammed Yedwab,Corporate,National Capital,Philippines,APAC,Southeast Asia,OFF-ST-10004015,Office Supplies,Storage,"Smead Trays, Blue",0,3,0.45,5.742,9.43,Low,2011
MX-2011-135979,14-01-2011,20-01-2011,Standard Class,Bart Pistole,Corporate,Estelí,Nicaragua,LATAM,Central,OFF-ST-10001326,Office Supplies,Storage,"Tenex Shelving, Single Width",0,3,0,28.38,6.11,Medium,2011
TU-2011-4040,14-01-2011,18-01-2011,Standard Class,Bruce Degenhardt,Consumer,Gaziantep,Turkey,EMEA,EMEA,OFF-SME-10004553,Office Supplies,Storage,"Smead Lockers, Blue",1,1,0.6,-85.332,5.84,Medium,2011
TU-2011-4040,14-01-2011,18-01-2011,Standard Class,Bruce Degenhardt,Consumer,Gaziantep,Turkey,EMEA,EMEA,OFF-ACM-10003278,Office Supplies,Supplies,"Acme Trimmer, Easy Grip",1,4,0.6,-70.32,4.48,Medium,2011
MX-2011-135979,14-01-2011,20-01-2011,Standard Class,Bart Pistole,Corporate,Estelí,Nicaragua,LATAM,Central,OFF-BI-10000185,Office Supplies,Binders,"Cardinal Binder Covers, Recycled",1,8,0,9.12,3.61,Medium,2011
CA-2011-157147,14-01-2011,19-01-2011,Standard Class,Brian Dahlen,Consumer,California,United States,US,West,OFF-AR-10003514,Office Supplies,Art,4009 Highlighters by Sanford,1,5,0,6.567,3.03,High,2011
CA-2011-162775,14-01-2011,16-01-2011,Second Class,Chris Selesnick,Corporate,Louisiana,United States,US,South,OFF-EN-10001990,Office Supplies,Envelopes,Staples,1,2,0,5.3392,2.88,Critical,2011
CA-2011-118192,14-01-2011,19-01-2011,Standard Class,Michael Moore,Consumer,Ohio,United States,US,East,OFF-PA-10002947,Office Supplies,Paper,Xerox 1923,0,7,0.2,13.0928,1.46,Medium,2011
CA-2011-162775,14-01-2011,16-01-2011,Second Class,Chris Selesnick,Corporate,Louisiana,United States,US,South,OFF-BI-10004187,Office Supplies,Binders,Staples,1,3,0,2.7072,0.85,Critical,2011
TU-2011-4040,14-01-2011,18-01-2011,Standard Class,Bruce Degenhardt,Consumer,Gaziantep,Turkey,EMEA,EMEA,OFF-STA-10000298,Office Supplies,Art,"Stanley Canvas, Blue",0,4,0.6,-87.168,0.43,Medium,2011
CA-2011-118192,14-01-2011,19-01-2011,Standard Class,Michael Moore,Consumer,Ohio,United States,US,East,OFF-BI-10003476,Office Supplies,Binders,Avery Metallic Poly Binders,0,2,0.7,-2.5212,0.27,Medium,2011
ES-2011-3661686,15-01-2011,20-01-2011,Second Class,Don Jones,Corporate,Lower Saxony,Germany,EU,Central,TEC-CO-10003228,Technology,Copiers,"Hewlett Copy Machine, Laser",1,2,0,10.5,92.1,Medium,2011
ES-2011-1374122,15-01-2011,18-01-2011,First Class,Craig Leslie,Home Office,Nord-Pas-de-Calais,France,EU,Central,FUR-BO-10003126,Furniture,Bookcases,"Dania Library with Doors, Traditional",1,2,0.1,7.2,88.52,Medium,2011
MX-2011-129420,15-01-2011,17-01-2011,First Class,Ross Baird,Home Office,La Romana,Dominican Republic,LATAM,Caribbean,FUR-CH-10003485,Furniture,Chairs,"Hon Swivel Stool, Set of Two",0,3,0.2,23.22,43.56,Medium,2011
ID-2011-38832,15-01-2011,15-01-2011,Same Day,Mick Crebagga,Consumer,Bali,Indonesia,APAC,Southeast Asia,OFF-AR-10000989,Office Supplies,Art,"Binney & Smith Canvas, Blue",0,4,0.27,-49.3488,21.15,Critical,2011
ID-2011-38832,15-01-2011,15-01-2011,Same Day,Mick Crebagga,Consumer,Bali,Indonesia,APAC,Southeast Asia,OFF-AR-10000251,Office Supplies,Art,"Stanley Markers, Fluorescent",1,3,0.27,-0.0126,21.13,Critical,2011
ES-2011-3661686,15-01-2011,20-01-2011,Second Class,Don Jones,Corporate,Lower Saxony,Germany,EU,Central,OFF-AP-10001169,Office Supplies,Appliances,"Cuisinart Microwave, White",0,1,0.1,2.76,15.08,Medium,2011
CA-2011-149524,15-01-2011,16-01-2011,First Class,Brendan Sweed,Corporate,Pennsylvania,United States,US,East,FUR-BO-10003433,Furniture,Bookcases,Sauder Cornerstone Collection Library,1,4,0.5,-53.2856,10.96,High,2011
ES-2011-3661686,15-01-2011,20-01-2011,Second Class,Don Jones,Corporate,Lower Saxony,Germany,EU,Central,OFF-PA-10001869,Office Supplies,Paper,"Green Bar Computer Printout Paper, 8.5 x 11",0,5,0,25.35,8.42,Medium,2011
ES-2011-3661686,15-01-2011,20-01-2011,Second Class,Don Jones,Corporate,Lower Saxony,Germany,EU,Central,OFF-SU-10004244,Office Supplies,Supplies,"Elite Letter Opener, Easy Grip",0,2,0,2.16,4.12,Medium,2011
NI-2011-2280,15-01-2011,21-01-2011,Standard Class,Mick Brown,Consumer,Rivers,Nigeria,Africa,Africa,FUR-HAR-10000441,Furniture,Chairs,"Harbour Creations Rocking Chair, Adjustable",1,1,0.7,-56.856,3.43,Medium,2011
NI-2011-2280,15-01-2011,21-01-2011,Standard Class,Mick Brown,Consumer,Rivers,Nigeria,Africa,Africa,OFF-ADV-10003030,Office Supplies,Fasteners,"Advantus Staples, 12 Pack",0,6,0.7,-38.898,1.46,Medium,2011
NI-2011-2280,15-01-2011,21-01-2011,Standard Class,Mick Brown,Consumer,Rivers,Nigeria,Africa,Africa,OFF-SAN-10004232,Office Supplies,Art,"Sanford Markers, Fluorescent",0,2,0.7,-14.754,1.02,Medium,2011
ES-2011-3661686,15-01-2011,20-01-2011,Second Class,Don Jones,Corporate,Lower Saxony,Germany,EU,Central,OFF-LA-10000134,Office Supplies,Labels,"Harbour Creations Removable Labels, 5000 Label Set",0,2,0,7.44,0.76,Medium,2011
CA-2011-103366,16-01-2011,18-01-2011,First Class,Erica Hackney,Consumer,Georgia,United States,US,South,TEC-AC-10003628,Technology,Accessories,Logitech 910-002974 M325 Wireless Mouse for Web Scrolling,1,5,0,65.978,45.24,Critical,2011
MX-2011-145765,17-01-2011,22-01-2011,Standard Class,Alan Haines,Corporate,San Salvador,El Salvador,LATAM,Central,TEC-CO-10003142,Technology,Copiers,"Hewlett Fax and Copier, Laser",0,11,0.002,251.71124,159.52,High,2011
ES-2011-3305419,17-01-2011,19-01-2011,Second Class,Edward Hooks,Corporate,Ile-de-France,France,EU,Central,OFF-AR-10001230,Office Supplies,Art,"Binney & Smith Markers, Water Color",1,11,0,50.82,38.7,High,2011
CA-2011-115791,17-01-2011,19-01-2011,Second Class,Delfina Latchford,Consumer,Pennsylvania,United States,US,East,FUR-FU-10001095,Furniture,Furnishings,DAX Black Cherry Wood-Tone Poster Frame,0,6,0.2,28.5984,36.4,Critical,2011
CA-2011-115791,17-01-2011,19-01-2011,Second Class,Delfina Latchford,Consumer,Pennsylvania,United States,US,East,TEC-PH-10004614,Technology,Phones,AT&T 841000 Phone,0,3,0.4,-31.05,26.12,Critical,2011
CA-2011-115791,17-01-2011,19-01-2011,Second Class,Delfina Latchford,Consumer,Pennsylvania,United States,US,East,OFF-LA-10001074,Office Supplies,Labels,Round Specialty Laser Printer Labels,1,3,0.2,10.1493,10.17,Critical,2011
ES-2011-3305419,17-01-2011,19-01-2011,Second Class,Edward Hooks,Corporate,Ile-de-France,France,EU,Central,OFF-ST-10001646,Office Supplies,Storage,"Fellowes Box, Wire Frame",1,5,0.1,33.675,7.33,High,2011
ES-2011-3305419,17-01-2011,19-01-2011,Second Class,Edward Hooks,Corporate,Ile-de-France,France,EU,Central,OFF-ST-10000988,Office Supplies,Storage,"Fellowes Folders, Blue",1,4,0.1,42.24,6.56,High,2011
ES-2011-3305419,17-01-2011,19-01-2011,Second Class,Edward Hooks,Corporate,Ile-de-France,France,EU,Central,OFF-ST-10003764,Office Supplies,Storage,"Tenex Box, Industrial",0,3,0.1,18.846,6.46,High,2011
ID-2011-80538,17-01-2011,18-01-2011,First Class,Vivian Mathis,Consumer,Western Australia,Australia,APAC,Oceania,OFF-BI-10001397,Office Supplies,Binders,"Ibico Binder, Economy",0,4,0.4,-9.288,5.48,High,2011
CA-2011-115791,17-01-2011,19-01-2011,Second Class,Delfina Latchford,Consumer,Pennsylvania,United States,US,East,OFF-BI-10001575,Office Supplies,Binders,GBC Linen Binding Covers,0,2,0.7,-13.6312,5.26,Critical,2011
IN-2011-78501,17-01-2011,21-01-2011,Standard Class,Tamara Willingham,Home Office,New South Wales,Australia,APAC,Oceania,OFF-AR-10004138,Office Supplies,Art,"Stanley Pens, Easy-Erase",1,2,0.1,5.136,3.96,High,2011
IT-2011-1373680,17-01-2011,23-01-2011,Standard Class,Shirley Daniels,Home Office,Hovedstaden,Denmark,EU,North,OFF-LA-10001413,Office Supplies,Labels,"Hon Shipping Labels, Laser Printer Compatible",0,3,0.5,-7.515,0.4,Low,2011
TZ-2011-5130,18-01-2011,21-01-2011,First Class,Charles Sheldon,Corporate,Arusha,Tanzania,Africa,Africa,OFF-FEL-10004665,Office Supplies,Storage,"Fellowes Lockers, Blue",1,4,0.1,132.588,132.29,Medium,2011
ES-2011-4174897,18-01-2011,21-01-2011,First Class,Michael Dominguez,Corporate,Valenciana,Spain,EU,South,OFF-FA-10000856,Office Supplies,Fasteners,"Stockwell Thumb Tacks, Bulk Pack",0,8,0,33.36,18.36,Critical,2011
MX-2011-115644,18-01-2011,23-01-2011,Standard Class,Vivek Gonzalez,Consumer,Amazonas,Brazil,LATAM,South,OFF-FA-10002268,Office Supplies,Fasteners,"OIC Clamps, 12 Pack",0,3,0,6.12,4.7,Medium,2011
ES-2011-4825230,18-01-2011,23-01-2011,Second Class,Richard Bierner,Consumer,South Denmark,Denmark,EU,North,OFF-BI-10004446,Office Supplies,Binders,"Acco Binding Machine, Economy",0,1,0.5,-10.755,2.53,High,2011
SA-2011-7780,18-01-2011,21-01-2011,First Class,Beth Paige,Consumer,Al Jawf,Saudi Arabia,EMEA,EMEA,OFF-CAR-10003259,Office Supplies,Binders,"Cardinal Binder, Recycled",1,1,0,2.97,2.48,High,2011
ZA-2011-9910,19-01-2011,21-01-2011,First Class,Patrick Gardner,Consumer,Eastern,Zambia,Africa,Africa,OFF-BIN-10000772,Office Supplies,Art,"Binney & Smith Pencil Sharpener, Water Color",0,14,0,95.76,143.67,Critical,2011
ES-2011-3666932,19-01-2011,20-01-2011,First Class,Matt Abelman,Home Office,Sicily,Italy,EU,South,OFF-BI-10004195,Office Supplies,Binders,"Wilson Jones Binding Machine, Clear",0,3,0,43.56,58.25,Critical,2011
MX-2011-139199,19-01-2011,24-01-2011,Standard Class,Aleksandra Gannaway,Corporate,Estelí,Nicaragua,LATAM,Central,TEC-MA-10001859,Technology,Machines,"Okidata Printer, Wireless",1,4,0,221.92,36.29,Medium,2011
MX-2011-139199,19-01-2011,24-01-2011,Standard Class,Aleksandra Gannaway,Corporate,Estelí,Nicaragua,LATAM,Central,FUR-BO-10004407,Furniture,Bookcases,"Ikea Floating Shelf Set, Metal",1,2,0,33.96,25.81,Medium,2011
IN-2011-45020,19-01-2011,23-01-2011,Standard Class,Pauline Webber,Corporate,Yangon,Myanmar (Burma),APAC,Southeast Asia,TEC-CO-10004267,Technology,Copiers,"Brother Ink, Laser",0,3,0.37,-106.083,21.22,Medium,2011
ES-2011-3666932,19-01-2011,20-01-2011,First Class,Matt Abelman,Home Office,Sicily,Italy,EU,South,OFF-ST-10000988,Office Supplies,Storage,"Fellowes Folders, Blue",1,3,0.4,7.92,15.23,Critical,2011
ZA-2011-9910,19-01-2011,21-01-2011,First Class,Patrick Gardner,Consumer,Eastern,Zambia,Africa,Africa,TEC-BEL-10000681,Technology,Accessories,"Belkin Mouse, USB",1,1,0,6.12,12.68,Critical,2011
CA-2011-123477,19-01-2011,22-01-2011,Second Class,David Wiener,Corporate,Oregon,United States,US,West,OFF-AP-10000692,Office Supplies,Appliances,Fellowes Mighty 8 Compact Surge Protector,0,4,0.2,6.4864,5.04,High,2011
MX-2011-139199,19-01-2011,24-01-2011,Standard Class,Aleksandra Gannaway,Corporate,Estelí,Nicaragua,LATAM,Central,TEC-AC-10002370,Technology,Accessories,"SanDisk Flash Drive, Bluetooth",0,2,0,16.32,4.1,Medium,2011
ES-2011-1690587,19-01-2011,21-01-2011,First Class,Ann Blume,Corporate,Lombardy,Italy,EU,South,OFF-EN-10004150,Office Supplies,Envelopes,"GlobeWeis Business Envelopes, Recycled",1,3,0,21.24,3.54,High,2011
CA-2011-8390,19-01-2011,22-01-2011,Second Class,Michael Kennedy,Corporate,Manitoba,Canada,Canada,Canada,OFF-STO-10000347,Office Supplies,Fasteners,"Stockwell Clamps, Assorted Sizes",1,1,0,5.7,1.4,Medium,2011
AO-2011-8430,20-01-2011,20-01-2011,Same Day,Michelle Arnett,Home Office,Luanda,Angola,Africa,Africa,FUR-BUS-10002989,Furniture,Bookcases,"Bush Classic Bookcase, Traditional",1,2,0,338.34,88.97,High,2011
MX-2011-131618,20-01-2011,20-01-2011,Same Day,Suzanne McNair,Corporate,Guerrero,Mexico,LATAM,North,OFF-AP-10002433,Office Supplies,Appliances,"Cuisinart Microwave, Silver",0,2,0,81.88,82.67,Critical,2011
CA-2011-146591,20-01-2011,21-01-2011,First Class,Toby Swindell,Consumer,Arizona,United States,US,West,FUR-BO-10001972,Furniture,Bookcases,O'Sullivan 4-Shelf Bookcase in Odessa Pine,0,5,0.7,-320.597,29.68,Medium,2011
IR-2011-9150,20-01-2011,22-01-2011,First Class,Irene Maddox,Consumer,Razavi Khorasan,Iran,EMEA,EMEA,FUR-OFF-10002395,Furniture,Chairs,"Office Star Rocking Chair, Red",0,1,0,57.75,20.93,Medium,2011
US-2011-153591,20-01-2011,25-01-2011,Standard Class,Alejandro Ballentine,Home Office,Distrito Federal,Mexico,LATAM,North,FUR-BO-10004980,Furniture,Bookcases,"Bush Library with Doors, Mobile",0,1,0.2,-34.252,17.08,Medium,2011
CA-2011-146591,20-01-2011,21-01-2011,First Class,Toby Swindell,Consumer,Arizona,United States,US,West,OFF-PA-10000659,Office Supplies,Paper,"TOPS Carbonless Receipt Book, Four 2-3/4 x 7-1/4 Money Receipts per Page",0,4,0.2,19.6224,14.49,Medium,2011
AO-2011-8430,20-01-2011,20-01-2011,Same Day,Michelle Arnett,Home Office,Luanda,Angola,Africa,Africa,OFF-SME-10002417,Office Supplies,Storage,"Smead Trays, Single Width",0,1,0,15.51,11.64,High,2011
CA-2011-146591,20-01-2011,21-01-2011,First Class,Toby Swindell,Consumer,Arizona,United States,US,West,OFF-EN-10002504,Office Supplies,Envelopes,"Tyvek  Top-Opening Peel & Seel Envelopes, Plain White",1,5,0.2,36.693,10.39,Medium,2011
ES-2011-1122594,20-01-2011,25-01-2011,Standard Class,Darren Koutras,Consumer,Ile-de-France,France,EU,Central,OFF-AR-10002094,Office Supplies,Art,"Boston Pencil Sharpener, Water Color",1,2,0,7.56,8.77,High,2011
AO-2011-8430,20-01-2011,20-01-2011,Same Day,Michelle Arnett,Home Office,Luanda,Angola,Africa,Africa,OFF-ELD-10000124,Office Supplies,Storage,"Eldon Trays, Single Width",0,1,0,15.84,7.92,High,2011
NI-2011-8880,20-01-2011,24-01-2011,Standard Class,Randy Bradley,Consumer,Kano,Nigeria,Africa,Africa,OFF-GRE-10000216,Office Supplies,Paper,"Green Bar Note Cards, Premium",0,4,0.7,-73.68,6.08,High,2011
CA-2011-146591,20-01-2011,21-01-2011,First Class,Toby Swindell,Consumer,Arizona,United States,US,West,OFF-BI-10003676,Office Supplies,Binders,"GBC Standard Recycled Report Covers, Clear Plastic Sheets",0,10,0.7,-23.716,6.03,Medium,2011
NI-2011-8880,20-01-2011,24-01-2011,Standard Class,Randy Bradley,Consumer,Kano,Nigeria,Africa,Africa,OFF-FEL-10002399,Office Supplies,Storage,"Fellowes Box, Blue",0,4,0.7,-42.624,3.74,High,2011
RS-2011-7010,20-01-2011,22-01-2011,Second Class,Ruben Dartt,Consumer,Belgorod,Russia,EMEA,EMEA,OFF-NOV-10000512,Office Supplies,Labels,"Novimex Color Coded Labels, Adjustable",1,1,0,4.83,2.05,High,2011
RS-2011-7010,20-01-2011,22-01-2011,Second Class,Ruben Dartt,Consumer,Belgorod,Russia,EMEA,EMEA,OFF-NOV-10001568,Office Supplies,Labels,"Novimex Shipping Labels, 5000 Label Set",0,1,0,4.08,1.48,High,2011
IN-2011-43585,20-01-2011,24-01-2011,Second Class,Toby Ritter,Consumer,Western Australia,Australia,APAC,Oceania,FUR-FU-10001096,Furniture,Furnishings,"Advantus Clock, Black",1,3,0.1,27.693,1.23,Medium,2011
MX-2011-146584,21-01-2011,27-01-2011,Standard Class,Hunter Lopez,Consumer,Managua,Nicaragua,LATAM,Central,FUR-TA-10001285,Furniture,Tables,"Chromcraft Conference Table, Fully Assembled",1,6,0.2,-0.072,320.38,Low,2011
MG-2011-9660,21-01-2011,27-01-2011,Standard Class,Sally Hughsby,Corporate,Ulaanbaatar,Mongolia,EMEA,EMEA,OFF-FEL-10002867,Office Supplies,Storage,"Fellowes Lockers, Single Width",0,6,0,211.5,88.66,Medium,2011
US-2011-147627,21-01-2011,27-01-2011,Standard Class,Hunter Lopez,Consumer,Arkansas,United States,US,South,FUR-CH-10002331,Furniture,Chairs,Hon 4700 Series Mobuis Mid-Back Task Chairs with Adjustable Arms,1,3,0,224.2674,85.72,Medium,2011
US-2011-147627,21-01-2011,27-01-2011,Standard Class,Hunter Lopez,Consumer,Arkansas,United States,US,South,TEC-PH-10001061,Technology,Phones,Apple iPhone 5C,1,7,0,181.9818,31.52,Medium,2011
MX-2011-146584,21-01-2011,27-01-2011,Standard Class,Hunter Lopez,Consumer,Managua,Nicaragua,LATAM,Central,TEC-PH-10000990,Technology,Phones,"Cisco Signal Booster, with Caller ID",1,4,0,121.44,26.73,Low,2011
MG-2011-9660,21-01-2011,27-01-2011,Standard Class,Sally Hughsby,Corporate,Ulaanbaatar,Mongolia,EMEA,EMEA,FUR-OFF-10003688,Furniture,Chairs,"Office Star Rocking Chair, Black",1,2,0,55.38,24.75,Medium,2011
CA-2011-167927,21-01-2011,27-01-2011,Standard Class,Xylona Preis,Consumer,Michigan,United States,US,Central,FUR-FU-10002918,Furniture,Furnishings,Eldon ClusterMat Chair Mat with Cordless Antistatic Protection,0,3,0,30.0234,20.68,Medium,2011
MX-2011-146584,21-01-2011,27-01-2011,Standard Class,Hunter Lopez,Consumer,Managua,Nicaragua,LATAM,Central,TEC-PH-10003980,Technology,Phones,"Apple Signal Booster, VoIP",1,2,0,16.4,19.1,Low,2011
ES-2011-3229667,21-01-2011,26-01-2011,Standard Class,Ryan Crowe,Consumer,North Rhine-Westphalia,Germany,EU,Central,TEC-AC-10004070,Technology,Accessories,"Memorex Router, Programmable",1,2,0,232.8,18.43,Medium,2011
CA-2011-167927,21-01-2011,27-01-2011,Standard Class,Xylona Preis,Consumer,Michigan,United States,US,Central,OFF-AP-10002311,Office Supplies,Appliances,"Holmes Replacement Filter for HEPA Air Cleaner, Very Large Room, HEPA Filter",0,4,0.1,93.5816,14.53,Medium,2011
MX-2011-146584,21-01-2011,27-01-2011,Standard Class,Hunter Lopez,Consumer,Managua,Nicaragua,LATAM,Central,OFF-SU-10004480,Office Supplies,Supplies,"Fiskars Box Cutter, Serrated",0,5,0,46.1,8.92,Low,2011
CA-2011-167927,21-01-2011,27-01-2011,Standard Class,Xylona Preis,Consumer,Michigan,United States,US,Central,OFF-ST-10003123,Office Supplies,Storage,Fellowes Bases and Tops For Staxonsteel/High-Stak Systems,1,2,0,15.9792,8.4,Medium,2011
MG-2011-9660,21-01-2011,27-01-2011,Standard Class,Sally Hughsby,Corporate,Ulaanbaatar,Mongolia,EMEA,EMEA,OFF-FIS-10001591,Office Supplies,Supplies,"Fiskars Trimmer, High Speed",1,2,0,12.66,6.06,Medium,2011
MX-2011-146584,21-01-2011,27-01-2011,Standard Class,Hunter Lopez,Consumer,Managua,Nicaragua,LATAM,Central,OFF-BI-10001002,Office Supplies,Binders,"Avery Binder Covers, Recycled",1,8,0,28.64,5.22,Low,2011
CA-2011-167927,21-01-2011,27-01-2011,Standard Class,Xylona Preis,Consumer,Michigan,United States,US,Central,OFF-AR-10004456,Office Supplies,Art,Panasonic KP-4ABK Battery-Operated Pencil Sharpener,1,3,0,12.7368,4.88,Medium,2011
IR-2011-3900,21-01-2011,26-01-2011,Standard Class,Darrin Van Huff,Corporate,Razavi Khorasan,Iran,EMEA,EMEA,OFF-ROG-10001101,Office Supplies,Storage,"Rogers Shelving, Wire Frame",1,1,0,18.96,4.61,Medium,2011
US-2011-147774,21-01-2011,27-01-2011,Standard Class,Muhammed MacIntyre,Corporate,Tennessee,United States,US,South,OFF-BI-10003091,Office Supplies,Binders,GBC DocuBind TL200 Manual Binding Machine,1,1,0.7,-51.5154,3,Medium,2011
US-2011-147627,21-01-2011,27-01-2011,Standard Class,Hunter Lopez,Consumer,Arkansas,United States,US,South,OFF-EN-10001539,Office Supplies,Envelopes,Staples,1,3,0,10.9698,2.6,Medium,2011
US-2011-147627,21-01-2011,27-01-2011,Standard Class,Hunter Lopez,Consumer,Arkansas,United States,US,South,FUR-FU-10003194,Furniture,Furnishings,"Eldon Expressions Desk Accessory, Wood Pencil Holder, Oak",0,4,0,11.58,2.57,Medium,2011
ID-2011-63017,21-01-2011,25-01-2011,Standard Class,Pauline Webber,Corporate,Bangkok,Thailand,APAC,Southeast Asia,OFF-AR-10003110,Office Supplies,Art,"Sanford Sketch Pad, Water Color",0,2,0.47,-24.3804,2.02,Medium,2011
CA-2011-167927,21-01-2011,27-01-2011,Standard Class,Xylona Preis,Consumer,Michigan,United States,US,Central,OFF-BI-10004364,Office Supplies,Binders,Storex Dura Pro Binders,0,5,0,13.365,1.98,Medium,2011
MG-2011-9660,21-01-2011,27-01-2011,Standard Class,Sally Hughsby,Corporate,Ulaanbaatar,Mongolia,EMEA,EMEA,OFF-CAM-10000497,Office Supplies,Envelopes,"Cameo Manila Envelope, Set of 50",0,1,0,2.43,1.58,Medium,2011
MX-2011-146584,21-01-2011,27-01-2011,Standard Class,Hunter Lopez,Consumer,Managua,Nicaragua,LATAM,Central,OFF-BI-10002296,Office Supplies,Binders,"Acco Binder Covers, Economy",1,2,0,1.56,1.29,Low,2011
US-2011-147627,21-01-2011,27-01-2011,Standard Class,Hunter Lopez,Consumer,Arkansas,United States,US,South,OFF-AR-10002375,Office Supplies,Art,Newell 351,0,7,0,6.6584,1.22,Medium,2011
CA-2011-167927,21-01-2011,27-01-2011,Standard Class,Xylona Preis,Consumer,Michigan,United States,US,Central,OFF-BI-10000605,Office Supplies,Binders,"Acco Pressboard Covers with Storage Hooks, 9 1/2"" x 11"", Executive Red",0,5,0,8.9535,1.21,Medium,2011
CA-2011-167927,21-01-2011,27-01-2011,Standard Class,Xylona Preis,Consumer,Michigan,United States,US,Central,OFF-ST-10000760,Office Supplies,Storage,Eldon Fold 'N Roll Cart System,1,1,0,4.0542,1.14,Medium,2011
CA-2011-148614,21-01-2011,26-01-2011,Standard Class,Mark Van Huff,Consumer,California,United States,US,West,OFF-PA-10002893,Office Supplies,Paper,"Wirebound Service Call Books, 5 1/2"" x 4""",1,2,0,9.2928,0.94,Medium,2011
CA-2011-167927,21-01-2011,27-01-2011,Standard Class,Xylona Preis,Consumer,Michigan,United States,US,Central,FUR-FU-10002268,Furniture,Furnishings,Ultra Door Push Plate,1,3,0,4.8609,0.71,Medium,2011
CA-2011-148614,21-01-2011,26-01-2011,Standard Class,Mark Van Huff,Consumer,California,United States,US,West,FUR-FU-10003194,Furniture,Furnishings,"Eldon Expressions Desk Accessory, Wood Pencil Holder, Oak",1,2,0,5.79,0.64,Medium,2011
US-2011-147627,21-01-2011,27-01-2011,Standard Class,Hunter Lopez,Consumer,Arkansas,United States,US,South,OFF-AR-10003811,Office Supplies,Art,Newell 327,1,3,0,1.7901,0.47,Medium,2011
ES-2011-5497239,22-01-2011,26-01-2011,Standard Class,Paul Stevenson,Home Office,Tuscany,Italy,EU,South,OFF-ST-10003102,Office Supplies,Storage,"Rogers Lockers, Single Width",0,7,0.4,59.22,96.45,High,2011
ES-2011-5497239,22-01-2011,26-01-2011,Standard Class,Paul Stevenson,Home Office,Tuscany,Italy,EU,South,FUR-BO-10003991,Furniture,Bookcases,"Bush Classic Bookcase, Traditional",0,2,0,338.34,77.08,High,2011
ES-2011-3906248,22-01-2011,26-01-2011,Standard Class,Marc Harrigan,Home Office,Flemish Brabant,Belgium,EU,Central,OFF-ST-10000430,Office Supplies,Storage,"Tenex File Cart, Blue",0,5,0,119.85,73.27,Medium,2011
ID-2011-86950,22-01-2011,23-01-2011,First Class,Sung Shariari,Consumer,Queensland,Australia,APAC,Oceania,OFF-AR-10000751,Office Supplies,Art,"Binney & Smith Highlighters, Blue",1,6,0.4,-33.876,27.43,Critical,2011
KE-2011-7940,22-01-2011,24-01-2011,First Class,Jason Klamczynski,Corporate,Coast,Kenya,Africa,Africa,OFF-SME-10001652,Office Supplies,Storage,"Smead Trays, Wire Frame",1,2,0,12.36,21.6,High,2011
ES-2011-1550182,22-01-2011,26-01-2011,Standard Class,Claudia Bergmann,Corporate,Champagne-Ardenne,France,EU,Central,OFF-BI-10000538,Office Supplies,Binders,"Acco Binding Machine, Clear",1,4,0,22.2,18.96,Medium,2011
MX-2011-143238,22-01-2011,27-01-2011,Standard Class,Carl Ludwig,Consumer,Santa Ana,El Salvador,LATAM,Central,FUR-BO-10003112,Furniture,Bookcases,"Sauder Floating Shelf Set, Traditional",0,2,0,101.16,11.91,Medium,2011
MX-2011-165526,22-01-2011,26-01-2011,Standard Class,Michael Paige,Corporate,Atlántico,Colombia,LATAM,South,FUR-CH-10003392,Furniture,Chairs,"Novimex Steel Folding Chair, Red",1,4,0,0,10.23,Medium,2011
MX-2011-165526,22-01-2011,26-01-2011,Standard Class,Michael Paige,Corporate,Atlántico,Colombia,LATAM,South,TEC-AC-10003047,Technology,Accessories,"SanDisk Keyboard, USB",0,2,0,27.2,9,Medium,2011
ES-2011-5497239,22-01-2011,26-01-2011,Standard Class,Paul Stevenson,Home Office,Tuscany,Italy,EU,South,OFF-AR-10001190,Office Supplies,Art,"Boston Canvas, Easy-Erase",0,1,0,12.39,5.13,High,2011
ES-2011-1550182,22-01-2011,26-01-2011,Standard Class,Claudia Bergmann,Corporate,Champagne-Ardenne,France,EU,Central,TEC-PH-10004827,Technology,Phones,"Samsung Headset, Cordless",1,1,0.15,24.3225,4.38,Medium,2011
CA-2011-110422,22-01-2011,24-01-2011,Second Class,Tom Boeckenhauer,Consumer,Florida,United States,US,South,FUR-FU-10001889,Furniture,Furnishings,Ultra Door Pull Handle,1,3,0.2,4.1028,3.64,Critical,2011
TU-2011-9560,22-01-2011,27-01-2011,Standard Class,Brendan Murry,Corporate,Bursa,Turkey,EMEA,EMEA,FUR-ADV-10002889,Furniture,Furnishings,"Advantus Clock, Durable",0,4,0.6,-104.688,2.36,Medium,2011
ID-2011-86950,22-01-2011,23-01-2011,First Class,Sung Shariari,Consumer,Queensland,Australia,APAC,Oceania,OFF-FA-10003816,Office Supplies,Fasteners,"Stockwell Staples, Metal",0,1,0.4,-3.912,1.77,Critical,2011
ES-2011-3906248,22-01-2011,26-01-2011,Standard Class,Marc Harrigan,Home Office,Flemish Brabant,Belgium,EU,Central,OFF-BI-10004722,Office Supplies,Binders,"Avery Index Tab, Clear",0,2,0,3.12,0.27,Medium,2011
MX-2011-116393,23-01-2011,23-01-2011,Same Day,Larry Tron,Consumer,Managua,Nicaragua,LATAM,Central,FUR-BO-10001739,Furniture,Bookcases,"Dania Classic Bookcase, Mobile",0,4,0,198.32,146.12,Medium,2011
MX-2011-116393,23-01-2011,23-01-2011,Same Day,Larry Tron,Consumer,Managua,Nicaragua,LATAM,Central,FUR-CH-10001490,Furniture,Chairs,"Novimex Executive Leather Armchair, Red",0,3,0,395.76,45.77,Medium,2011
MX-2011-116393,23-01-2011,23-01-2011,Same Day,Larry Tron,Consumer,Managua,Nicaragua,LATAM,Central,OFF-SU-10002670,Office Supplies,Supplies,"Stiletto Box Cutter, High Speed",1,2,0,15.8,5.55,Medium,2011
MX-2011-116393,23-01-2011,23-01-2011,Same Day,Larry Tron,Consumer,Managua,Nicaragua,LATAM,Central,OFF-LA-10001634,Office Supplies,Labels,"Harbour Creations Color Coded Labels, Laser Printer Compatible",1,3,0,9.78,3.61,Medium,2011
MX-2011-116393,23-01-2011,23-01-2011,Same Day,Larry Tron,Consumer,Managua,Nicaragua,LATAM,Central,OFF-PA-10001456,Office Supplies,Paper,"Eaton Memo Slips, 8.5 x 11",0,2,0,1.64,3.27,Medium,2011
SA-2011-7370,23-01-2011,27-01-2011,Standard Class,Corey Roper,Home Office,Al Madinah,Saudi Arabia,EMEA,EMEA,OFF-OIC-10001921,Office Supplies,Fasteners,"OIC Clamps, Assorted Sizes",1,2,0,12.36,1.91,Medium,2011
SA-2011-7370,23-01-2011,27-01-2011,Standard Class,Corey Roper,Home Office,Al Madinah,Saudi Arabia,EMEA,EMEA,OFF-IBI-10002486,Office Supplies,Binders,"Ibico Index Tab, Clear",1,1,0,1.59,0.58,Medium,2011
EN-2011-70,24-01-2011,24-01-2011,Same Day,Ann Blume,Corporate,Harjumaa,Estonia,EMEA,EMEA,TEC-CIS-10002344,Technology,Phones,"Cisco Smart Phone, Full Size",1,2,0,286.56,234.73,Medium,2011
EN-2011-70,24-01-2011,24-01-2011,Same Day,Ann Blume,Corporate,Harjumaa,Estonia,EMEA,EMEA,OFF-BRE-10004436,Office Supplies,Appliances,"Breville Stove, Black",0,1,0,61.68,133.57,Medium,2011
ES-2011-3060159,24-01-2011,29-01-2011,Standard Class,Christine Phan,Corporate,North Rhine-Westphalia,Germany,EU,Central,TEC-CO-10004078,Technology,Copiers,"Sharp Fax Machine, Laser",0,2,0,53.16,66.1,Medium,2011
IT-2011-2413417,24-01-2011,26-01-2011,First Class,Shirley Jackson,Consumer,Emilia-Romagna,Italy,EU,South,FUR-CH-10004685,Furniture,Chairs,"Harbour Creations Swivel Stool, Set of Two",1,1,0.6,-56.562,29.86,Critical,2011
IN-2011-85459,24-01-2011,30-01-2011,Standard Class,Jill Matthias,Consumer,Wellington,New Zealand,APAC,Oceania,OFF-EN-10003770,Office Supplies,Envelopes,"Kraft Manila Envelope, with clear poly window",0,14,0,147,20.03,Medium,2011
IN-2011-85459,24-01-2011,30-01-2011,Standard Class,Jill Matthias,Consumer,Wellington,New Zealand,APAC,Oceania,FUR-FU-10000702,Furniture,Furnishings,"Tenex Frame, Black",0,2,0,8.76,16.92,Medium,2011
EN-2011-70,24-01-2011,24-01-2011,Same Day,Ann Blume,Corporate,Harjumaa,Estonia,EMEA,EMEA,FUR-HON-10000722,Furniture,Chairs,"Hon Rocking Chair, Adjustable",1,1,0,63.87,15.16,Medium,2011
IT-2011-2413417,24-01-2011,26-01-2011,First Class,Shirley Jackson,Consumer,Emilia-Romagna,Italy,EU,South,FUR-CH-10003540,Furniture,Chairs,"Office Star Bag Chairs, Set of Two",0,3,0.6,-95.202,12.7,Critical,2011
IN-2011-85459,24-01-2011,30-01-2011,Standard Class,Jill Matthias,Consumer,Wellington,New Zealand,APAC,Oceania,OFF-AR-10000340,Office Supplies,Art,"Boston Pens, Water Color",0,8,0,65.28,11.94,Medium,2011
IT-2011-2413417,24-01-2011,26-01-2011,First Class,Shirley Jackson,Consumer,Emilia-Romagna,Italy,EU,South,OFF-PA-10003899,Office Supplies,Paper,"SanDisk Memo Slips, Multicolor",1,3,0,2.7,11.16,Critical,2011
IN-2011-20737,24-01-2011,29-01-2011,Standard Class,Lena Creighton,Consumer,Northern Territory,Australia,APAC,Oceania,TEC-AC-10001438,Technology,Accessories,"SanDisk Flash Drive, Programmable",1,3,0.1,8.568,9.92,Medium,2011
IT-2011-2413417,24-01-2011,26-01-2011,First Class,Shirley Jackson,Consumer,Emilia-Romagna,Italy,EU,South,OFF-FA-10004310,Office Supplies,Fasteners,"Advantus Staples, 12 Pack",0,4,0,2.88,5.24,Critical,2011
IT-2011-2413417,24-01-2011,26-01-2011,First Class,Shirley Jackson,Consumer,Emilia-Romagna,Italy,EU,South,OFF-LA-10004007,Office Supplies,Labels,"Harbour Creations Color Coded Labels, Adjustable",1,5,0,7.5,4.72,Critical,2011
CA-2011-102645,24-01-2011,29-01-2011,Standard Class,Ionia McGrath,Consumer,Nevada,United States,US,West,OFF-PA-10001804,Office Supplies,Paper,Xerox 195,1,6,0,19.2384,4.31,Medium,2011
IN-2011-10552,24-01-2011,30-01-2011,Standard Class,Chuck Clark,Home Office,Madhya Pradesh,India,APAC,Central Asia,OFF-LA-10004430,Office Supplies,Labels,"Avery Shipping Labels, Laser Printer Compatible",0,5,0,27.75,4.27,Medium,2011
MA-2011-3960,24-01-2011,30-01-2011,Standard Class,Greg Hansen,Consumer,Atsinanana,Madagascar,Africa,Africa,OFF-AVE-10003558,Office Supplies,Labels,"Avery Round Labels, Alphabetical",1,6,0,9.18,3.57,Medium,2011
ES-2011-5158376,24-01-2011,26-01-2011,Second Class,Joni Sundaresam,Home Office,Sicily,Italy,EU,South,OFF-AR-10003005,Office Supplies,Art,"Boston Markers, Fluorescent",0,1,0,4.14,3.33,High,2011
IN-2011-64557,24-01-2011,29-01-2011,Standard Class,Mitch Webber,Consumer,Sumatera Utara,Indonesia,APAC,Southeast Asia,OFF-BI-10002885,Office Supplies,Binders,"Avery Hole Reinforcements, Recycled",1,3,0.17,4.2273,1.2,Medium,2011
CA-2011-146997,24-01-2011,28-01-2011,Standard Class,Speros Goranitis,Consumer,Indiana,United States,US,Central,OFF-FA-10003467,Office Supplies,Fasteners,"Alliance Big Bands Rubber Bands, 12/Pack",0,3,0,0,0.95,High,2011
TU-2011-8930,24-01-2011,28-01-2011,Standard Class,Janet Martin,Consumer,Afyonkarahisar,Turkey,EMEA,EMEA,OFF-OIC-10001056,Office Supplies,Fasteners,"OIC Clamps, 12 Pack",0,2,0.6,-3.84,0.94,Medium,2011
ES-2011-3060159,24-01-2011,29-01-2011,Standard Class,Christine Phan,Corporate,North Rhine-Westphalia,Germany,EU,Central,OFF-BI-10002986,Office Supplies,Binders,"Avery Binder Covers, Recycled",0,1,0,4.11,0.62,Medium,2011
ES-2011-3104322,25-01-2011,29-01-2011,Standard Class,Frank Olsen,Consumer,Poitou-Charentes,France,EU,Central,OFF-AR-10001720,Office Supplies,Art,"Stanley Canvas, Blue",0,9,0,71.01,33.54,Medium,2011
NI-2011-7750,25-01-2011,28-01-2011,Second Class,Gary Hwang,Consumer,Kwara,Nigeria,Africa,Africa,TEC-PAN-10002454,Technology,Machines,"Panasonic Phone, Red",0,6,0.7,-182.178,18.61,Medium,2011
ES-2011-4880899,25-01-2011,30-01-2011,Standard Class,Aimee Bixby,Consumer,Ile-de-France,France,EU,Central,OFF-AR-10001228,Office Supplies,Art,"Stanley Markers, Water Color",0,7,0,58.59,16.94,Medium,2011
ES-2011-3746760,25-01-2011,01-02-2011,Standard Class,Filia McAdams,Corporate,North Rhine-Westphalia,Germany,EU,Central,OFF-BI-10001192,Office Supplies,Binders,"Cardinal Binder, Clear",0,10,0,3.9,8.94,Medium,2011
ES-2011-3104322,25-01-2011,29-01-2011,Standard Class,Frank Olsen,Consumer,Poitou-Charentes,France,EU,Central,OFF-AR-10002640,Office Supplies,Art,"Boston Pens, Blue",0,5,0,1.35,6.64,Medium,2011
SF-2011-2290,25-01-2011,26-01-2011,First Class,Brad Thomas,Home Office,Free State,South Africa,Africa,Africa,OFF-SAN-10001128,Office Supplies,Art,"Sanford Pens, Easy-Erase",1,4,0,10.44,6.53,High,2011
MX-2011-161508,25-01-2011,29-01-2011,Standard Class,Bart Pistole,Corporate,Veracruz,Mexico,LATAM,North,OFF-EN-10004525,Office Supplies,Envelopes,"GlobeWeis Peel and Seal, Security-Tint",1,2,0,10.12,4.45,High,2011
IN-2011-53658,25-01-2011,27-01-2011,First Class,Luke Weiss,Consumer,Hunan,China,APAC,North Asia,OFF-PA-10000453,Office Supplies,Paper,"Xerox Cards & Envelopes, 8.5 x 11",0,2,0,34.32,3.17,High,2011
MX-2011-162936,25-01-2011,29-01-2011,Second Class,Sue Ann Reed,Consumer,Guantánamo,Cuba,LATAM,Caribbean,OFF-PA-10001091,Office Supplies,Paper,"Eaton Computer Printout Paper, Recycled",0,1,0,5.98,1.76,Medium,2011
ES-2011-3746760,25-01-2011,01-02-2011,Standard Class,Filia McAdams,Corporate,North Rhine-Westphalia,Germany,EU,Central,FUR-FU-10004689,Furniture,Furnishings,"Advantus Light Bulb, Duo Pack",0,1,0,4.02,1.15,Medium,2011
NI-2011-7750,25-01-2011,28-01-2011,Second Class,Gary Hwang,Consumer,Kwara,Nigeria,Africa,Africa,OFF-BIN-10001385,Office Supplies,Art,"Binney & Smith Pens, Fluorescent",0,1,0.7,-9,0.28,Medium,2011
ID-2011-36011,26-01-2011,27-01-2011,First Class,Heather Kirkland,Corporate,Jawa Barat,Indonesia,APAC,Southeast Asia,FUR-CH-10003950,Furniture,Chairs,"Novimex Executive Leather Armchair, Black",1,1,0.27,-109.9365,92.67,High,2011
TU-2011-5460,26-01-2011,31-01-2011,Standard Class,Jay Fein,Consumer,Izmir,Turkey,EMEA,EMEA,FUR-SAF-10004252,Furniture,Chairs,"SAFCO Executive Leather Armchair, Adjustable",1,6,0.6,-1475.352,47.35,Medium,2011
IT-2011-4233239,26-01-2011,30-01-2011,Standard Class,Allen Rosenblatt,Corporate,Lisboa,Portugal,EU,South,TEC-CO-10001926,Technology,Copiers,"Hewlett Wireless Fax, Laser",0,3,0.5,-216.765,33.99,Medium,2011
MO-2011-3300,26-01-2011,31-01-2011,Standard Class,Nat Carroll,Consumer,Fès-Boulemane,Morocco,Africa,Africa,TEC-KON-10003211,Technology,Machines,"Konica Inkjet, White",1,1,0,118.02,27.7,High,2011
SL-2011-6640,26-01-2011,30-01-2011,Standard Class,Sally Hughsby,Corporate,Southern,Sierra Leone,Africa,Africa,OFF-KIT-10002678,Office Supplies,Appliances,"KitchenAid Coffee Grinder, Silver",1,4,0,59.76,25.63,Medium,2011
ES-2011-4436456,26-01-2011,26-01-2011,Same Day,Hunter Glantz,Consumer,Champagne-Ardenne,France,EU,Central,FUR-BO-10004620,Furniture,Bookcases,"Safco Stackable Bookrack, Mobile",0,2,0.6,-143.076,24.75,Medium,2011
TU-2011-5460,26-01-2011,31-01-2011,Standard Class,Jay Fein,Consumer,Izmir,Turkey,EMEA,EMEA,OFF-SME-10000746,Office Supplies,Storage,"Smead Lockers, Industrial",0,4,0.6,-254.64,19.93,Medium,2011
IR-2011-3890,26-01-2011,28-01-2011,First Class,Bradley Talbott,Home Office,Markazi,Iran,EMEA,EMEA,TEC-ENE-10004627,Technology,Accessories,"Enermax Router, Erganomic",0,1,0,102.45,19.7,High,2011
MO-2011-3300,26-01-2011,31-01-2011,Standard Class,Nat Carroll,Consumer,Fès-Boulemane,Morocco,Africa,Africa,TEC-HP -10001905,Technology,Copiers,"HP Personal Copier, Laser",0,1,0,42.24,17.14,High,2011
IN-2011-31496,26-01-2011,28-01-2011,Second Class,Nathan Mautz,Home Office,Telangana,India,APAC,Central Asia,OFF-PA-10000070,Office Supplies,Paper,"Eaton Computer Printout Paper, Recycled",0,3,0,25.38,13.82,High,2011
IN-2011-76198,26-01-2011,01-02-2011,Standard Class,Anna Andreadi,Consumer,Telangana,India,APAC,Central Asia,OFF-AR-10002256,Office Supplies,Art,"BIC Sketch Pad, Easy-Erase",0,7,0,54.6,13.22,Low,2011
IT-2011-2536577,26-01-2011,29-01-2011,Second Class,Alan Shonely,Consumer,Languedoc-Roussillon,France,EU,Central,OFF-SU-10003072,Office Supplies,Supplies,"Elite Trimmer, Serrated",0,9,0,162.27,12.46,Medium,2011
IN-2011-15270,26-01-2011,31-01-2011,Standard Class,Christina Anderson,Consumer,Jawa Tengah,Indonesia,APAC,Southeast Asia,OFF-ST-10004365,Office Supplies,Storage,"Fellowes Shelving, Wire Frame",1,3,0.17,51.1659,12.24,Medium,2011
TU-2011-5460,26-01-2011,31-01-2011,Standard Class,Jay Fein,Consumer,Izmir,Turkey,EMEA,EMEA,OFF-HAM-10003872,Office Supplies,Appliances,"Hamilton Beach Blender, White",0,4,0.6,-68.976,11.17,Medium,2011
IT-2011-2536577,26-01-2011,29-01-2011,Second Class,Alan Shonely,Consumer,Languedoc-Roussillon,France,EU,Central,OFF-ST-10002905,Office Supplies,Storage,"Rogers Box, Single Width",1,5,0.1,2.4,11.06,Medium,2011
IT-2011-2536577,26-01-2011,29-01-2011,Second Class,Alan Shonely,Consumer,Languedoc-Roussillon,France,EU,Central,OFF-BI-10003277,Office Supplies,Binders,"Ibico Binder Covers, Durable",0,9,0,16.2,9.44,Medium,2011
IT-2011-2536577,26-01-2011,29-01-2011,Second Class,Alan Shonely,Consumer,Languedoc-Roussillon,France,EU,Central,OFF-AR-10000091,Office Supplies,Art,"BIC Highlighters, Water Color",0,4,0,15.84,7.14,Medium,2011
ES-2011-3940520,26-01-2011,30-01-2011,Standard Class,Michael Moore,Consumer,Oslo,Norway,EU,North,TEC-AC-10004520,Technology,Accessories,"Memorex Flash Drive, Bluetooth",0,3,0,18.45,5.54,Medium,2011
ES-2011-3940520,26-01-2011,30-01-2011,Standard Class,Michael Moore,Consumer,Oslo,Norway,EU,North,OFF-BI-10003708,Office Supplies,Binders,"Avery Binder, Economy",1,4,0,20.04,4.88,Medium,2011
ES-2011-3429709,26-01-2011,30-01-2011,Standard Class,Patrick O'Brill,Consumer,Madrid,Spain,EU,South,OFF-LA-10001375,Office Supplies,Labels,"Smead Removable Labels, 5000 Label Set",1,3,0,10.08,4.82,High,2011
ES-2011-4436456,26-01-2011,26-01-2011,Same Day,Hunter Glantz,Consumer,Champagne-Ardenne,France,EU,Central,OFF-BI-10001384,Office Supplies,Binders,"Cardinal Binder, Economy",1,6,0.5,-10.89,3.98,Medium,2011
TU-2011-5460,26-01-2011,31-01-2011,Standard Class,Jay Fein,Consumer,Izmir,Turkey,EMEA,EMEA,FUR-NOV-10000222,Furniture,Chairs,"Novimex Steel Folding Chair, Adjustable",0,1,0.6,-38.982,3.08,Medium,2011
IT-2011-2536577,26-01-2011,29-01-2011,Second Class,Alan Shonely,Consumer,Languedoc-Roussillon,France,EU,Central,OFF-ST-10003931,Office Supplies,Storage,"Smead Trays, Wire Frame",1,2,0.1,2.85,2.65,Medium,2011
ES-2011-4436456,26-01-2011,26-01-2011,Same Day,Hunter Glantz,Consumer,Champagne-Ardenne,France,EU,Central,OFF-EN-10000476,Office Supplies,Envelopes,"Kraft Clasp Envelope, Recycled",1,3,0.5,-8.01,1.75,Medium,2011
IT-2011-2536577,26-01-2011,29-01-2011,Second Class,Alan Shonely,Consumer,Languedoc-Roussillon,France,EU,Central,OFF-PA-10001662,Office Supplies,Paper,"Green Bar Note Cards, Premium",1,2,0,21.42,1.74,Medium,2011
MO-2011-3300,26-01-2011,31-01-2011,Standard Class,Nat Carroll,Consumer,Fès-Boulemane,Morocco,Africa,Africa,OFF-CAR-10003030,Office Supplies,Binders,"Cardinal Index Tab, Economy",0,1,0,4.02,1.43,High,2011
TU-2011-5460,26-01-2011,31-01-2011,Standard Class,Jay Fein,Consumer,Izmir,Turkey,EMEA,EMEA,OFF-XER-10001746,Office Supplies,Paper,"Xerox Message Books, Premium",0,2,0.6,-5.724,1.28,Medium,2011
ES-2011-3940520,26-01-2011,30-01-2011,Standard Class,Michael Moore,Consumer,Oslo,Norway,EU,North,OFF-BI-10002570,Office Supplies,Binders,"Acco Binder Covers, Clear",1,1,0,5.49,1.2,Medium,2011
MO-2011-3300,26-01-2011,31-01-2011,Standard Class,Nat Carroll,Consumer,Fès-Boulemane,Morocco,Africa,Africa,OFF-NOV-10004680,Office Supplies,Labels,"Novimex Shipping Labels, Laser Printer Compatible",0,1,0,4.83,0.88,High,2011
IT-2011-2536577,26-01-2011,29-01-2011,Second Class,Alan Shonely,Consumer,Languedoc-Roussillon,France,EU,Central,FUR-FU-10002557,Furniture,Furnishings,"Rubbermaid Stacking Tray, Erganomic",0,8,0,0,0.61,Medium,2011
TU-2011-5460,26-01-2011,31-01-2011,Standard Class,Jay Fein,Consumer,Izmir,Turkey,EMEA,EMEA,OFF-HON-10001204,Office Supplies,Labels,"Hon Color Coded Labels, Alphabetical",1,1,0.6,-7.338,0.34,Medium,2011
CA-2011-167997,27-01-2011,30-01-2011,First Class,Carol Adams,Corporate,South Dakota,United States,US,Central,FUR-BO-10004409,Furniture,Bookcases,"Safco Value Mate Series Steel Bookcases, Baked Enamel Finish on Steel, Gray",1,2,0,39.7488,24.59,High,2011
MX-2011-160150,27-01-2011,29-01-2011,Second Class,Neola Schneider,Consumer,Tamaulipas,Mexico,LATAM,North,OFF-BI-10002296,Office Supplies,Binders,"Acco Binder Covers, Economy",1,13,0,10.14,24.52,Critical,2011
US-2011-155502,27-01-2011,01-02-2011,Standard Class,Shirley Daniels,Home Office,Virginia,United States,US,South,OFF-ST-10004337,Office Supplies,Storage,"SAFCO Commercial Wire Shelving, 72h",1,8,0,0,21.48,Medium,2011
US-2011-155502,27-01-2011,01-02-2011,Standard Class,Shirley Daniels,Home Office,Virginia,United States,US,South,TEC-PH-10002103,Technology,Phones,Jabra SPEAK 410,1,2,0,52.6344,17.66,Medium,2011
IN-2011-33890,27-01-2011,01-02-2011,Standard Class,Kean Nguyen,Corporate,Shandong,China,APAC,North Asia,TEC-MA-10002931,Technology,Machines,"Okidata Calculator, Durable",1,7,0,106.26,17.61,Medium,2011
CT-2011-6350,27-01-2011,29-01-2011,Second Class,Todd Sumrall,Corporate,Bangui,Central African Republic,Africa,Africa,OFF-KLE-10004112,Office Supplies,Supplies,"Kleencut Trimmer, Serrated",1,2,0,20.58,16.59,Critical,2011
US-2011-155502,27-01-2011,01-02-2011,Standard Class,Shirley Daniels,Home Office,Virginia,United States,US,South,TEC-PH-10004833,Technology,Phones,Macally Suction Cup Mount,0,13,0,0,11.95,Medium,2011
EZ-2011-4800,27-01-2011,01-02-2011,Standard Class,Ryan Akin,Consumer,Olomouc,Czech Republic,EMEA,EMEA,OFF-FEL-10004117,Office Supplies,Storage,"Fellowes Trays, Blue",0,4,0,15.96,10.73,Medium,2011
MX-2011-160150,27-01-2011,29-01-2011,Second Class,Neola Schneider,Consumer,Tamaulipas,Mexico,LATAM,North,OFF-SU-10003719,Office Supplies,Supplies,"Stiletto Scissors, Steel",1,2,0,13.8,6.7,Critical,2011
US-2011-155502,27-01-2011,01-02-2011,Standard Class,Shirley Daniels,Home Office,Virginia,United States,US,South,FUR-FU-10004587,Furniture,Furnishings,"GE General Use Halogen Bulbs, 100 Watts, 1 Bulb per Pack",1,3,0,30.7818,6.15,Medium,2011
ID-2011-78102,27-01-2011,02-02-2011,Standard Class,Dennis Bolton,Home Office,Kalimantan Timur,Indonesia,APAC,Southeast Asia,OFF-EN-10004144,Office Supplies,Envelopes,"Cameo Clasp Envelope, Security-Tint",0,13,0.47,-17.3901,5.67,Medium,2011
MO-2011-1670,27-01-2011,29-01-2011,First Class,Liz Pelletier,Consumer,Rabat-Salé-Zemmour-Zaer,Morocco,Africa,Africa,FUR-DEF-10000810,Furniture,Furnishings,"Deflect-O Stacking Tray, Black",0,2,0,22.8,4.24,High,2011
MO-2011-1670,27-01-2011,29-01-2011,First Class,Liz Pelletier,Consumer,Rabat-Salé-Zemmour-Zaer,Morocco,Africa,Africa,OFF-BOS-10002705,Office Supplies,Art,"Boston Highlighters, Fluorescent",1,1,0,5.22,3.73,High,2011
MO-2011-1670,27-01-2011,29-01-2011,First Class,Liz Pelletier,Consumer,Rabat-Salé-Zemmour-Zaer,Morocco,Africa,Africa,OFF-BIN-10004569,Office Supplies,Art,"Binney & Smith Highlighters, Blue",0,1,0,2.46,3.44,High,2011
IN-2011-50704,27-01-2011,01-02-2011,Standard Class,Patrick O'Donnell,Consumer,Guangdong,China,APAC,North Asia,OFF-EN-10000328,Office Supplies,Envelopes,"Kraft Business Envelopes, Set of 50",0,2,0,15.18,2.6,Medium,2011
MX-2011-124555,27-01-2011,31-01-2011,Standard Class,Barry Weirich,Consumer,Duarte,Dominican Republic,LATAM,Caribbean,OFF-FA-10000455,Office Supplies,Fasteners,"Stockwell Thumb Tacks, 12 Pack",1,5,0.2,7.26,1.98,Medium,2011
US-2011-155502,27-01-2011,01-02-2011,Standard Class,Shirley Daniels,Home Office,Virginia,United States,US,South,OFF-PA-10003072,Office Supplies,Paper,"Eureka Recycled Copy Paper 8 1/2"" x 11"", Ream",1,3,0,9.3312,1.53,Medium,2011
CA-2011-167997,27-01-2011,30-01-2011,First Class,Carol Adams,Corporate,South Dakota,United States,US,Central,OFF-BI-10001758,Office Supplies,Binders,Wilson Jones 14 Line Acrylic Coated Pressboard Data Binders,0,2,0,5.0196,1.39,High,2011
US-2011-155502,27-01-2011,01-02-2011,Standard Class,Shirley Daniels,Home Office,Virginia,United States,US,South,OFF-PA-10000380,Office Supplies,Paper,"REDIFORM Incoming/Outgoing Call Register, 11"" X 8 1/2"", 100 Messages",0,2,0,8.34,1.13,Medium,2011
MO-2011-1670,27-01-2011,29-01-2011,First Class,Liz Pelletier,Consumer,Rabat-Salé-Zemmour-Zaer,Morocco,Africa,Africa,OFF-CAR-10002054,Office Supplies,Binders,"Cardinal Hole Reinforcements, Economy",1,1,0,2.16,0.54,High,2011
US-2011-155502,27-01-2011,01-02-2011,Standard Class,Shirley Daniels,Home Office,Virginia,United States,US,South,FUR-FU-10001847,Furniture,Furnishings,Eldon Image Series Black Desk Accessories,1,3,0,4.4712,0.43,Medium,2011
IN-2011-63990,28-01-2011,02-02-2011,Second Class,Jocasta Rupert,Consumer,Queensland,Australia,APAC,Oceania,TEC-CO-10002119,Technology,Copiers,"Sharp Fax Machine, Digital",1,2,0.1,47.202,51.51,Medium,2011
US-2011-117163,28-01-2011,03-02-2011,Standard Class,Ed Jacobs,Consumer,California,United States,US,West,FUR-TA-10003469,Furniture,Tables,Balt Split Level Computer Training Table,0,3,0.2,-16.65,23.43,Medium,2011
ID-2011-42164,28-01-2011,31-01-2011,First Class,Michael Paige,Corporate,Jawa Tengah,Indonesia,APAC,Southeast Asia,OFF-EN-10002472,Office Supplies,Envelopes,"Cameo Interoffice Envelope, Security-Tint",0,5,0.47,-5.0505,9.82,Medium,2011
ID-2011-42164,28-01-2011,31-01-2011,First Class,Michael Paige,Corporate,Jawa Tengah,Indonesia,APAC,Southeast Asia,OFF-SU-10000375,Office Supplies,Supplies,"Kleencut Box Cutter, Steel",0,5,0.47,-51.2175,4.86,Medium,2011
US-2011-117163,28-01-2011,03-02-2011,Standard Class,Ed Jacobs,Consumer,California,United States,US,West,OFF-ST-10003692,Office Supplies,Storage,Recycled Steel Personal File for Hanging File Folders,1,1,0,14.3075,4,Medium,2011
US-2011-117163,28-01-2011,03-02-2011,Standard Class,Ed Jacobs,Consumer,California,United States,US,West,OFF-AR-10003179,Office Supplies,Art,Dixon Ticonderoga Core-Lock Colored Pencils,1,4,0,12.0252,3.25,Medium,2011
IT-2011-4728742,28-01-2011,03-02-2011,Standard Class,Herbert Flentye,Consumer,Provence-Alpes-Côte d'Azur,France,EU,Central,OFF-ST-10003835,Office Supplies,Storage,"Rogers Folders, Single Width",0,1,0.1,-0.642,1.15,Medium,2011
US-2011-119053,29-01-2011,03-02-2011,Standard Class,Resi Pölking,Consumer,São Paulo,Brazil,LATAM,South,FUR-TA-10003887,Furniture,Tables,"Hon Conference Table, Adjustable Height",0,2,0.6,-468.016,31.54,Medium,2011
US-2011-156664,29-01-2011,03-02-2011,Standard Class,Resi Pölking,Consumer,Lara,Venezuela,LATAM,South,FUR-TA-10004840,Furniture,Tables,"Hon Conference Table, Adjustable Height",1,2,0.7,-591.172,18.73,Medium,2011
BN-2011-1530,29-01-2011,04-02-2011,Standard Class,Nona Balk,Corporate,Littoral,Benin,Africa,Africa,OFF-FIS-10004915,Office Supplies,Supplies,"Fiskars Trimmer, Easy Grip",1,1,0,16.23,3.35,Medium,2011
CA-2011-100328,29-01-2011,04-02-2011,Standard Class,Jasper Cacioppo,Consumer,New York,United States,US,East,OFF-BI-10000343,Office Supplies,Binders,"Pressboard Covers with Storage Hooks, 9 1/2"" x 11"", Light Blue",1,1,0.2,1.3257,0.36,Medium,2011
ID-2011-80545,30-01-2011,30-01-2011,Same Day,Harold Engle,Corporate,Auckland,New Zealand,APAC,Oceania,FUR-CH-10003618,Furniture,Chairs,"SAFCO Rocking Chair, Red",1,2,0.4,-29.688,63.14,High,2011
NI-2011-2370,30-01-2011,04-02-2011,Second Class,David Philippe,Consumer,Kano,Nigeria,Africa,Africa,TEC-CAN-10000030,Technology,Copiers,"Canon Fax Machine, Laser",1,2,0.7,-382.086,19.19,Medium,2011
NI-2011-2370,30-01-2011,04-02-2011,Second Class,David Philippe,Consumer,Kano,Nigeria,Africa,Africa,OFF-EAT-10002674,Office Supplies,Paper,"Eaton Memo Slips, Multicolor",1,4,0.7,-32.22,2.36,Medium,2011
NI-2011-2370,30-01-2011,04-02-2011,Second Class,David Philippe,Consumer,Kano,Nigeria,Africa,Africa,TEC-APP-10004469,Technology,Phones,"Apple Signal Booster, Cordless",1,1,0.7,-62.79,2.27,Medium,2011
NI-2011-9200,30-01-2011,31-01-2011,First Class,Arthur Gainer,Consumer,Kano,Nigeria,Africa,Africa,OFF-IBI-10001772,Office Supplies,Binders,"Ibico Index Tab, Clear",0,2,0.7,-5.538,1.01,Critical,2011
NI-2011-9200,30-01-2011,31-01-2011,First Class,Arthur Gainer,Consumer,Kano,Nigeria,Africa,Africa,OFF-HON-10001204,Office Supplies,Labels,"Hon Color Coded Labels, Alphabetical",1,1,0.7,-8.601,0.6,Critical,2011
NI-2011-2370,30-01-2011,04-02-2011,Second Class,David Philippe,Consumer,Kano,Nigeria,Africa,Africa,OFF-WIL-10000986,Office Supplies,Binders,"Wilson Jones Binder Covers, Economy",0,6,0.7,-29.718,0.39,Medium,2011
NI-2011-2370,30-01-2011,04-02-2011,Second Class,David Philippe,Consumer,Kano,Nigeria,Africa,Africa,OFF-AME-10000851,Office Supplies,Envelopes,"Ames Mailers, with clear poly window",1,1,0.7,-8.283,0.32,Medium,2011
NI-2011-2370,30-01-2011,04-02-2011,Second Class,David Philippe,Consumer,Kano,Nigeria,Africa,Africa,OFF-AVE-10000543,Office Supplies,Binders,"Avery Hole Reinforcements, Clear",1,1,0.7,-2.349,0.12,Medium,2011
IN-2011-81833,31-01-2011,06-02-2011,Standard Class,Troy Staebel,Consumer,Wellington,New Zealand,APAC,Oceania,TEC-PH-10004575,Technology,Phones,"Motorola Smart Phone, Cordless",0,4,0,102.84,129,Medium,2011
IN-2011-81833,31-01-2011,06-02-2011,Standard Class,Troy Staebel,Consumer,Wellington,New Zealand,APAC,Oceania,FUR-TA-10002341,Furniture,Tables,"Barricks Computer Table, Fully Assembled",1,4,0,517.56,104.29,Medium,2011
IN-2011-32196,31-01-2011,05-02-2011,Standard Class,Luke Schmidt,Corporate,Victoria,Australia,APAC,Oceania,TEC-MA-10002680,Technology,Machines,"Konica Inkjet, White",1,3,0.1,121.113,54.17,High,2011
CA-2011-134103,31-01-2011,05-02-2011,Standard Class,Mike Vittorini,Consumer,Michigan,United States,US,Central,OFF-ST-10000991,Office Supplies,Storage,Space Solutions HD Industrial Steel Shelving.,1,2,0,6.8982,22.58,High,2011
MO-2011-4320,31-01-2011,04-02-2011,Standard Class,Bryan Davis,Consumer,Marrakech-Tensift-El Haouz,Morocco,Africa,Africa,FUR-SAU-10004653,Furniture,Bookcases,"Sauder Classic Bookcase, Traditional",0,1,0,178.74,22.32,Medium,2011
MO-2011-4320,31-01-2011,04-02-2011,Standard Class,Bryan Davis,Consumer,Marrakech-Tensift-El Haouz,Morocco,Africa,Africa,FUR-NOV-10002655,Furniture,Chairs,"Novimex Swivel Stool, Adjustable",0,2,0,26.7,19.34,Medium,2011
IN-2011-32196,31-01-2011,05-02-2011,Standard Class,Luke Schmidt,Corporate,Victoria,Australia,APAC,Oceania,FUR-CH-10004065,Furniture,Chairs,"SAFCO Bag Chairs, Adjustable",0,8,0.1,24.696,15.85,High,2011
MX-2011-100762,31-01-2011,03-02-2011,First Class,Charles McCrossin,Consumer,Estelí,Nicaragua,LATAM,Central,OFF-PA-10001004,Office Supplies,Paper,"Eaton Parchment Paper, 8.5 x 11",1,3,0,12.66,12.7,Critical,2011
IN-2011-72334,31-01-2011,06-02-2011,Standard Class,Sarah Foster,Consumer,Chongqing,China,APAC,North Asia,OFF-BI-10004181,Office Supplies,Binders,"Avery 3-Hole Punch, Clear",0,6,0,18,10.65,Medium,2011
US-2011-120957,31-01-2011,06-02-2011,Standard Class,Damala Kotsonis,Corporate,Santo Domingo,Dominican Republic,LATAM,Caribbean,OFF-BI-10003372,Office Supplies,Binders,"Ibico Binding Machine, Durable",0,3,0.2,-20.148,8.52,Medium,2011
MO-2011-4320,31-01-2011,04-02-2011,Standard Class,Bryan Davis,Consumer,Marrakech-Tensift-El Haouz,Morocco,Africa,Africa,OFF-KLE-10000296,Office Supplies,Supplies,"Kleencut Letter Opener, Steel",1,4,0,23.76,6.18,Medium,2011
IN-2011-81833,31-01-2011,06-02-2011,Standard Class,Troy Staebel,Consumer,Wellington,New Zealand,APAC,Oceania,OFF-PA-10002976,Office Supplies,Paper,"Xerox Computer Printout Paper, 8.5 x 11",1,4,0,32.88,5.85,Medium,2011
IN-2011-81833,31-01-2011,06-02-2011,Standard Class,Troy Staebel,Consumer,Wellington,New Zealand,APAC,Oceania,OFF-LA-10000757,Office Supplies,Labels,"Harbour Creations Removable Labels, 5000 Label Set",1,6,0,18.54,5.18,Medium,2011
IN-2011-81833,31-01-2011,06-02-2011,Standard Class,Troy Staebel,Consumer,Wellington,New Zealand,APAC,Oceania,OFF-PA-10003232,Office Supplies,Paper,"Eaton Parchment Paper, 8.5 x 11",0,6,0,48.6,5.01,Medium,2011
IN-2011-18070,31-01-2011,05-02-2011,Standard Class,Brendan Dodson,Home Office,Singapore,Singapore,APAC,Southeast Asia,OFF-BI-10000089,Office Supplies,Binders,"Wilson Jones 3-Hole Punch, Recycled",0,4,0,55.56,4.51,Medium,2011
MO-2011-4320,31-01-2011,04-02-2011,Standard Class,Bryan Davis,Consumer,Marrakech-Tensift-El Haouz,Morocco,Africa,Africa,OFF-ELI-10000044,Office Supplies,Supplies,"Elite Ruler, Serrated",0,6,0,11.34,3.6,Medium,2011
MO-2011-4320,31-01-2011,04-02-2011,Standard Class,Bryan Davis,Consumer,Marrakech-Tensift-El Haouz,Morocco,Africa,Africa,OFF-GLO-10003463,Office Supplies,Envelopes,"GlobeWeis Peel and Seal, Security-Tint",0,1,0,2.85,2.12,Medium,2011
US-2011-120957,31-01-2011,06-02-2011,Standard Class,Damala Kotsonis,Corporate,Santo Domingo,Dominican Republic,LATAM,Caribbean,OFF-AR-10000468,Office Supplies,Art,"BIC Pens, Blue",0,4,0.2,-7.296,1.99,Medium,2011
IN-2011-81833,31-01-2011,06-02-2011,Standard Class,Troy Staebel,Consumer,Wellington,New Zealand,APAC,Oceania,OFF-ST-10001057,Office Supplies,Storage,"Eldon Folders, Wire Frame",1,2,0,9.3,1.9,Medium,2011
CA-2011-134103,31-01-2011,05-02-2011,Standard Class,Mike Vittorini,Consumer,Michigan,United States,US,Central,OFF-PA-10001204,Office Supplies,Paper,Xerox 1972,1,2,0,4.752,1.2,High,2011
IN-2011-30733,01-02-2011,03-02-2011,Second Class,Patrick O'Donnell,Consumer,Dhaka,Bangladesh,APAC,Central Asia,TEC-CO-10002316,Technology,Copiers,"Brother Personal Copier, Laser",1,2,0,71.4,57.3,Critical,2011
CA-2011-115161,01-02-2011,03-02-2011,First Class,Liz Carlisle,Consumer,California,United States,US,West,FUR-BO-10003966,Furniture,Bookcases,"Sauder Facets Collection Library, Sky Alder Finish",1,2,0.15,3.4196,54.64,High,2011
AO-2011-1390,01-02-2011,04-02-2011,Second Class,David Kendrick,Corporate,Luanda,Angola,Africa,Africa,OFF-FEL-10001541,Office Supplies,Storage,"Fellowes Lockers, Wire Frame",1,1,0,92.88,53.08,Critical,2011
ID-2011-56493,01-02-2011,03-02-2011,Second Class,Stephanie Phelps,Corporate,Hubei,China,APAC,North Asia,OFF-ST-10002161,Office Supplies,Storage,"Tenex Trays, Single Width",1,3,0,68.31,44.36,Critical,2011
IN-2011-36074,01-02-2011,05-02-2011,Second Class,David Kendrick,Corporate,Chongqing,China,APAC,North Asia,OFF-AP-10001254,Office Supplies,Appliances,"KitchenAid Coffee Grinder, Red",0,5,0,137.4,33.15,Medium,2011
US-2011-118892,01-02-2011,06-02-2011,Standard Class,Dave Hallsten,Corporate,Panama,Panama,LATAM,Central,OFF-AP-10002317,Office Supplies,Appliances,"Hamilton Beach Refrigerator, Silver",0,2,0.4,20.024,21.38,Medium,2011
IR-2011-6550,01-02-2011,06-02-2011,Standard Class,Patrick O'Brill,Consumer,Razavi Khorasan,Iran,EMEA,EMEA,FUR-ADV-10002601,Furniture,Furnishings,"Advantus Photo Frame, Erganomic",1,6,0,148.5,19.65,High,2011
ES-2011-5268439,01-02-2011,03-02-2011,Second Class,Gene Hale,Corporate,Poitou-Charentes,France,EU,Central,OFF-AR-10001529,Office Supplies,Art,"Binney & Smith Pencil Sharpener, Easy-Erase",0,5,0,15.3,19.23,High,2011
IN-2011-30733,01-02-2011,03-02-2011,Second Class,Patrick O'Donnell,Consumer,Dhaka,Bangladesh,APAC,Central Asia,OFF-SU-10000484,Office Supplies,Supplies,"Kleencut Ruler, High Speed",0,3,0,11.79,11.13,Critical,2011
US-2011-118892,01-02-2011,06-02-2011,Standard Class,Dave Hallsten,Corporate,Panama,Panama,LATAM,Central,TEC-AC-10001221,Technology,Accessories,"Memorex Memory Card, USB",1,2,0.4,-19.136,6.21,Medium,2011
ES-2011-5460465,01-02-2011,05-02-2011,Standard Class,Ralph Ritter,Consumer,Emilia-Romagna,Italy,EU,South,OFF-AR-10000980,Office Supplies,Art,"Sanford Pencil Sharpener, Water Color",1,3,0,20.34,6.03,Medium,2011
IN-2011-30733,01-02-2011,03-02-2011,Second Class,Patrick O'Donnell,Consumer,Dhaka,Bangladesh,APAC,Central Asia,OFF-BI-10003012,Office Supplies,Binders,"Wilson Jones Hole Reinforcements, Economy",1,5,0,9.6,5.29,Critical,2011
IN-2011-30733,01-02-2011,03-02-2011,Second Class,Patrick O'Donnell,Consumer,Dhaka,Bangladesh,APAC,Central Asia,OFF-LA-10001292,Office Supplies,Labels,"Smead File Folder Labels, Adjustable",0,3,0,9.9,3.78,Critical,2011
ES-2011-5268439,01-02-2011,03-02-2011,Second Class,Gene Hale,Corporate,Poitou-Charentes,France,EU,Central,OFF-EN-10004597,Office Supplies,Envelopes,"GlobeWeis Peel and Seal, Set of 50",1,1,0,0,3.34,High,2011
ES-2011-2205486,01-02-2011,07-02-2011,Standard Class,Ionia McGrath,Consumer,North Rhine-Westphalia,Germany,EU,Central,OFF-BI-10001249,Office Supplies,Binders,"Acco Hole Reinforcements, Recycled",0,3,0,10.53,1.86,Medium,2011
ES-2011-2205486,01-02-2011,07-02-2011,Standard Class,Ionia McGrath,Consumer,North Rhine-Westphalia,Germany,EU,Central,OFF-BI-10001717,Office Supplies,Binders,"Avery Hole Reinforcements, Durable",0,2,0,4.2,0.93,Medium,2011
US-2011-118892,01-02-2011,06-02-2011,Standard Class,Dave Hallsten,Corporate,Panama,Panama,LATAM,Central,OFF-BI-10000719,Office Supplies,Binders,"Wilson Jones Hole Reinforcements, Clear",0,6,0.4,-0.984,0.81,Medium,2011
IN-2011-56990,02-02-2011,05-02-2011,First Class,Erin Smith,Corporate,Henan,China,APAC,North Asia,FUR-BO-10003913,Furniture,Bookcases,"Safco Stackable Bookrack, Pine",1,7,0,105.21,154.4,Medium,2011
ES-2011-1640672,02-02-2011,05-02-2011,First Class,Ken Heidel,Corporate,Saxony,Germany,EU,Central,TEC-PH-10001432,Technology,Phones,"Motorola Signal Booster, Cordless",0,8,0.5,-58.56,109.14,High,2011
IT-2011-1877466,02-02-2011,06-02-2011,Standard Class,Evan Henry,Consumer,Champagne-Ardenne,France,EU,Central,TEC-CO-10000660,Technology,Copiers,"Hewlett Copy Machine, Color",1,6,0.65,-235.773,96.84,High,2011
IN-2011-56990,02-02-2011,05-02-2011,First Class,Erin Smith,Corporate,Henan,China,APAC,North Asia,OFF-ST-10000362,Office Supplies,Storage,"Eldon File Cart, Blue",1,3,0,102.78,88.42,Medium,2011
ES-2011-2511634,02-02-2011,06-02-2011,Second Class,Ed Braxton,Corporate,Andalusía,Spain,EU,South,TEC-PH-10000800,Technology,Phones,"Cisco Smart Phone, Full Size",1,1,0.1,104.412,78,High,2011
IT-2011-4488946,02-02-2011,02-02-2011,Same Day,Ellis Ballard,Corporate,Bavaria,Germany,EU,Central,TEC-CO-10004042,Technology,Copiers,"Brother Wireless Fax, Laser",0,1,0,140.13,71.57,High,2011
IN-2011-56990,02-02-2011,05-02-2011,First Class,Erin Smith,Corporate,Henan,China,APAC,North Asia,FUR-TA-10000665,Furniture,Tables,"Bevis Computer Table, Fully Assembled",0,2,0.3,-207.732,70.94,Medium,2011
CA-2011-140795,02-02-2011,04-02-2011,First Class,Bradley Drucker,Consumer,Wisconsin,United States,US,Central,TEC-AC-10001432,Technology,Accessories,Enermax Aurora Lite Keyboard,0,6,0,206.316,66.88,High,2011
ES-2011-3188488,02-02-2011,07-02-2011,Second Class,Ken Lonsdale,Consumer,Catalonia,Spain,EU,South,FUR-BO-10000967,Furniture,Bookcases,"Ikea Library with Doors, Pine",0,2,0,240.72,56.01,Medium,2011
ES-2011-3642330,02-02-2011,04-02-2011,First Class,Jill Matthias,Consumer,England,United Kingdom,EU,North,TEC-PH-10004614,Technology,Phones,"Cisco Headset, Full Size",0,2,0.1,43.014,49.6,High,2011
ID-2011-60882,02-02-2011,04-02-2011,Second Class,Giulietta Dortch,Corporate,Bangkok,Thailand,APAC,Southeast Asia,FUR-CH-10003950,Furniture,Chairs,"Novimex Executive Leather Armchair, Black",1,1,0.27,-109.9365,46.3,Medium,2011
IT-2011-4488946,02-02-2011,02-02-2011,Same Day,Ellis Ballard,Corporate,Bavaria,Germany,EU,Central,OFF-ST-10000095,Office Supplies,Storage,"Fellowes File Cart, Industrial",0,2,0.1,8.262,35.68,High,2011
IN-2011-56990,02-02-2011,05-02-2011,First Class,Erin Smith,Corporate,Henan,China,APAC,North Asia,TEC-MA-10002874,Technology,Machines,"Epson Receipt Printer, Wireless",1,4,0,112.32,26.59,Medium,2011
ES-2011-3188488,02-02-2011,07-02-2011,Second Class,Ken Lonsdale,Consumer,Catalonia,Spain,EU,South,FUR-CH-10000488,Furniture,Chairs,"SAFCO Steel Folding Chair, Black",0,4,0.2,23.256,23.69,Medium,2011
ES-2011-1640672,02-02-2011,05-02-2011,First Class,Ken Heidel,Corporate,Saxony,Germany,EU,Central,TEC-CO-10003534,Technology,Copiers,"HP Fax and Copier, Digital",0,1,0.5,-0.015,16.56,High,2011
ID-2011-60882,02-02-2011,04-02-2011,Second Class,Giulietta Dortch,Corporate,Bangkok,Thailand,APAC,Southeast Asia,OFF-AR-10003554,Office Supplies,Art,"Stanley Canvas, Blue",0,4,0.47,-47.5236,13.49,Medium,2011
IT-2011-1877466,02-02-2011,06-02-2011,Standard Class,Evan Henry,Consumer,Champagne-Ardenne,France,EU,Central,TEC-MA-10003198,Technology,Machines,"Konica Phone, White",1,3,0.65,-76.14,12.91,High,2011
IT-2011-1877466,02-02-2011,06-02-2011,Standard Class,Evan Henry,Consumer,Champagne-Ardenne,France,EU,Central,OFF-PA-10003899,Office Supplies,Paper,"SanDisk Memo Slips, Multicolor",1,5,0.5,-41.475,6.72,High,2011
IT-2011-1877466,02-02-2011,06-02-2011,Standard Class,Evan Henry,Consumer,Champagne-Ardenne,France,EU,Central,TEC-AC-10001564,Technology,Accessories,"Logitech Numeric Keypad, Erganomic",1,2,0.5,-7.95,6.24,High,2011
ES-2011-2734651,02-02-2011,04-02-2011,First Class,Lori Olson,Corporate,Valenciana,Spain,EU,South,OFF-AR-10003247,Office Supplies,Art,"Boston Highlighters, Water Color",0,2,0,7.92,6.18,High,2011
ES-2011-3188488,02-02-2011,07-02-2011,Second Class,Ken Lonsdale,Consumer,Catalonia,Spain,EU,South,OFF-AR-10001461,Office Supplies,Art,"BIC Canvas, Water Color",1,1,0,0.54,5.96,Medium,2011
ES-2011-3188488,02-02-2011,07-02-2011,Second Class,Ken Lonsdale,Consumer,Catalonia,Spain,EU,South,OFF-AR-10000584,Office Supplies,Art,"Sanford Pencil Sharpener, Water Color",1,4,0,12.72,4.7,Medium,2011
ES-2011-2511634,02-02-2011,06-02-2011,Second Class,Ed Braxton,Corporate,Andalusía,Spain,EU,South,OFF-SU-10001657,Office Supplies,Supplies,"Acme Box Cutter, High Speed",0,1,0,18.12,4.16,High,2011
IN-2011-56990,02-02-2011,05-02-2011,First Class,Erin Smith,Corporate,Henan,China,APAC,North Asia,OFF-AR-10000387,Office Supplies,Art,"Sanford Highlighters, Water Color",1,5,0,42.45,4.14,Medium,2011
ES-2011-1640672,02-02-2011,05-02-2011,First Class,Ken Heidel,Corporate,Saxony,Germany,EU,Central,OFF-PA-10000908,Office Supplies,Paper,"Xerox Note Cards, Premium",1,1,0.5,-7.935,1.83,High,2011
ID-2011-60882,02-02-2011,04-02-2011,Second Class,Giulietta Dortch,Corporate,Bangkok,Thailand,APAC,Southeast Asia,OFF-LA-10000950,Office Supplies,Labels,"Avery Color Coded Labels, 5000 Label Set",1,6,0.47,-26.3376,1.78,Medium,2011
IN-2011-35857,02-02-2011,07-02-2011,Standard Class,Duane Noonan,Consumer,New South Wales,Australia,APAC,Oceania,FUR-FU-10001507,Furniture,Furnishings,"Rubbermaid Light Bulb, Duo Pack",0,2,0.1,7.92,1.77,Medium,2011
IT-2011-5645183,03-02-2011,05-02-2011,Second Class,Max Ludwig,Home Office,Uppsala,Sweden,EU,North,OFF-AR-10003377,Office Supplies,Art,"Boston Pencil Sharpener, Easy-Erase",0,6,0.5,-61.65,6.64,Medium,2011
CA-2011-123400,03-02-2011,10-02-2011,Standard Class,Eric Barreto,Consumer,Florida,United States,US,South,TEC-PH-10002890,Technology,Phones,AT&T 17929 Lendline Telephone,0,5,0.2,13.572,4.99,Medium,2011
NI-2011-7970,03-02-2011,07-02-2011,Standard Class,Dean Braden,Consumer,Lagos,Nigeria,Africa,Africa,TEC-ENE-10002254,Technology,Accessories,"Enermax Keyboard, Programmable",0,1,0.7,-22.962,3.34,High,2011
IN-2011-35654,03-02-2011,08-02-2011,Standard Class,Theresa Swint,Corporate,Guizhou,China,APAC,North Asia,OFF-FA-10002011,Office Supplies,Fasteners,"OIC Push Pins, Bulk Pack",1,2,0,5.64,3.13,Medium,2011
CA-2011-123400,03-02-2011,10-02-2011,Standard Class,Eric Barreto,Consumer,Florida,United States,US,South,OFF-BI-10000666,Office Supplies,Binders,Surelock Post Binders,1,2,0.7,-12.224,1.66,Medium,2011
AO-2011-1710,03-02-2011,10-02-2011,Standard Class,Shaun Weien,Consumer,Luanda,Angola,Africa,Africa,OFF-WIL-10001889,Office Supplies,Binders,"Wilson Jones Hole Reinforcements, Economy",1,2,0,4.5,0.8,Low,2011
CA-2011-139857,03-02-2011,07-02-2011,Standard Class,Cynthia Delaney,Home Office,California,United States,US,West,OFF-FA-10001843,Office Supplies,Fasteners,Staples,0,5,0,5.8045,0.29,Medium,2011
IN-2011-80167,04-02-2011,07-02-2011,First Class,Christopher Conant,Consumer,Wellington,New Zealand,APAC,Oceania,TEC-AC-10000212,Technology,Accessories,"SanDisk Memory Card, Erganomic",1,4,0,39.6,66.08,Medium,2011
IN-2011-80167,04-02-2011,07-02-2011,First Class,Christopher Conant,Consumer,Wellington,New Zealand,APAC,Oceania,OFF-AP-10003524,Office Supplies,Appliances,"Breville Blender, Black",0,10,0,70.5,42,Medium,2011
SF-2011-2090,04-02-2011,09-02-2011,Second Class,Tom Stivers,Corporate,Gauteng,South Africa,Africa,Africa,TEC-EPS-10002212,Technology,Machines,"Epson Receipt Printer, White",0,1,0,49.62,20.22,Medium,2011
ES-2011-3354251,04-02-2011,08-02-2011,Standard Class,Dorothy Dickinson,Consumer,Provence-Alpes-Côte d'Azur,France,EU,Central,OFF-ST-10003414,Office Supplies,Storage,"Tenex Shelving, Industrial",0,3,0.1,14.868,14.97,Medium,2011
CA-2011-111059,04-02-2011,07-02-2011,Second Class,Tom Boeckenhauer,Consumer,Washington,United States,US,West,OFF-BI-10004593,Office Supplies,Binders,Ibico Laser Imprintable Binding System Covers,1,2,0.2,27.248,8.82,High,2011
SF-2011-2090,04-02-2011,09-02-2011,Second Class,Tom Stivers,Corporate,Gauteng,South Africa,Africa,Africa,OFF-WIL-10002772,Office Supplies,Binders,"Wilson Jones 3-Hole Punch, Durable",1,2,0,12.36,6.06,Medium,2011
ES-2011-1374122,04-02-2011,08-02-2011,Standard Class,Brad Thomas,Home Office,Rhône-Alpes,France,EU,Central,OFF-AR-10000491,Office Supplies,Art,"Binney & Smith Pens, Water Color",1,2,0,10.86,3.76,High,2011
ES-2011-1374122,04-02-2011,08-02-2011,Standard Class,Brad Thomas,Home Office,Rhône-Alpes,France,EU,Central,OFF-LA-10003390,Office Supplies,Labels,"Harbour Creations File Folder Labels, 5000 Label Set",0,3,0,5.94,3.33,High,2011
CA-2011-111059,04-02-2011,07-02-2011,Second Class,Tom Boeckenhauer,Consumer,Washington,United States,US,West,OFF-BI-10002827,Office Supplies,Binders,Avery Durable Poly Binders,0,3,0.2,4.3134,2.26,High,2011
SF-2011-2090,04-02-2011,09-02-2011,Second Class,Tom Stivers,Corporate,Gauteng,South Africa,Africa,Africa,FUR-ADV-10000847,Furniture,Furnishings,"Advantus Stacking Tray, Black",0,2,0,14.76,1.77,Medium,2011
NI-2011-8350,04-02-2011,09-02-2011,Second Class,Ann Steele,Home Office,Lagos,Nigeria,Africa,Africa,OFF-SAN-10001128,Office Supplies,Art,"Sanford Pens, Easy-Erase",1,2,0.7,-10.698,0.35,Medium,2011
SF-2011-2090,04-02-2011,09-02-2011,Second Class,Tom Stivers,Corporate,Gauteng,South Africa,Africa,Africa,OFF-AVE-10004512,Office Supplies,Binders,"Avery Hole Reinforcements, Economy",0,1,0,0,0.19,Medium,2011
TU-2011-7850,05-02-2011,12-02-2011,Standard Class,Anthony Witt,Consumer,Gaziantep,Turkey,EMEA,EMEA,FUR-HAR-10002223,Furniture,Chairs,"Harbour Creations Chairmat, Set of Two",0,2,0.6,-69.84,4.77,Low,2011
CA-2011-104808,05-02-2011,09-02-2011,Second Class,Mark Haberlin,Corporate,California,United States,US,West,OFF-BI-10003676,Office Supplies,Binders,"GBC Standard Recycled Report Covers, Clear Plastic Sheets",1,2,0.2,6.0368,3.37,High,2011
CA-2011-107181,05-02-2011,09-02-2011,Standard Class,Deborah Brumfield,Home Office,California,United States,US,West,OFF-PA-10000350,Office Supplies,Paper,"Message Book, Standard Line ""While You Were Out"", 5 1/2"" X 4"", 200 Sets/Book",1,4,0,16.0928,3.16,High,2011
CA-2011-107181,05-02-2011,09-02-2011,Standard Class,Deborah Brumfield,Home Office,California,United States,US,West,OFF-BI-10004230,Office Supplies,Binders,GBC Recycled Grain Textured Covers,0,3,0.2,29.0136,2.55,High,2011
TU-2011-7850,05-02-2011,12-02-2011,Standard Class,Anthony Witt,Consumer,Gaziantep,Turkey,EMEA,EMEA,OFF-SME-10004247,Office Supplies,Storage,"Smead Shelving, Single Width",0,1,0.6,-7.356,2.22,Low,2011
TU-2011-7850,05-02-2011,12-02-2011,Standard Class,Anthony Witt,Consumer,Gaziantep,Turkey,EMEA,EMEA,FUR-ADV-10003326,Furniture,Furnishings,"Advantus Light Bulb, Black",1,1,0.6,-2.622,0.55,Low,2011
TU-2011-6800,06-02-2011,10-02-2011,Second Class,Justin MacKendrick,Consumer,Aydin,Turkey,EMEA,EMEA,OFF-SME-10002467,Office Supplies,Labels,"Smead Round Labels, Alphabetical",1,1,0.6,-2.352,0.23,Medium,2011
CA-2011-131905,07-02-2011,10-02-2011,First Class,Neil Ducich,Corporate,Virginia,United States,US,South,TEC-PH-10001615,Technology,Phones,AT&T CL82213,0,5,0,42.0355,33.51,Medium,2011
IN-2011-67021,07-02-2011,12-02-2011,Second Class,Natalie Webber,Consumer,Sarawak,Malaysia,APAC,Southeast Asia,OFF-ST-10004871,Office Supplies,Storage,"Rogers Trays, Blue",1,3,0,48.06,25.86,Medium,2011
CA-2011-131905,07-02-2011,10-02-2011,First Class,Neil Ducich,Corporate,Virginia,United States,US,South,TEC-PH-10003645,Technology,Phones,Aastra 57i VoIP phone,0,1,0,42.0186,25.28,Medium,2011
IN-2011-33351,07-02-2011,13-02-2011,Standard Class,Duane Benoit,Consumer,Jiangsu,China,APAC,North Asia,OFF-AP-10003491,Office Supplies,Appliances,"Hoover Coffee Grinder, Silver",0,4,0,133.44,20.16,Medium,2011
IN-2011-40512,07-02-2011,14-02-2011,Standard Class,Liz Thompson,Consumer,Jawa Barat,Indonesia,APAC,Southeast Asia,TEC-PH-10002443,Technology,Phones,"Cisco Signal Booster, with Caller ID",1,2,0.17,6.0378,11.19,Medium,2011
ES-2011-2367994,07-02-2011,11-02-2011,Standard Class,Susan MacKendrick,Consumer,Nord-Pas-de-Calais,France,EU,Central,TEC-MA-10003986,Technology,Machines,"Konica Receipt Printer, Wireless",0,2,0.15,12.225,10.45,High,2011
ES-2011-2367994,07-02-2011,11-02-2011,Standard Class,Susan MacKendrick,Consumer,Nord-Pas-de-Calais,France,EU,Central,OFF-AR-10001607,Office Supplies,Art,"Stanley Pencil Sharpener, Water Color",0,4,0,4.44,9.87,High,2011
ES-2011-2367994,07-02-2011,11-02-2011,Standard Class,Susan MacKendrick,Consumer,Nord-Pas-de-Calais,France,EU,Central,OFF-BI-10000368,Office Supplies,Binders,"Avery Binder Covers, Durable",0,4,0,6.48,6.93,High,2011
IN-2011-33351,07-02-2011,13-02-2011,Standard Class,Duane Benoit,Consumer,Jiangsu,China,APAC,North Asia,OFF-LA-10001672,Office Supplies,Labels,"Avery Legal Exhibit Labels, Alphabetical",1,6,0,7.92,5.99,Medium,2011
ID-2011-85396,07-02-2011,12-02-2011,Standard Class,Scott Williamson,Consumer,Auckland,New Zealand,APAC,Oceania,TEC-CO-10003561,Technology,Copiers,"Sharp Copy Machine, Color",0,2,0.4,-104.58,4.54,Medium,2011
ES-2011-2857462,07-02-2011,12-02-2011,Standard Class,George Bell,Corporate,Provence-Alpes-Côte d'Azur,France,EU,Central,OFF-LA-10003969,Office Supplies,Labels,"Novimex Legal Exhibit Labels, Laser Printer Compatible",1,3,0,10.62,3.58,High,2011
CA-2011-131905,07-02-2011,10-02-2011,First Class,Neil Ducich,Corporate,Virginia,United States,US,South,OFF-LA-10002787,Office Supplies,Labels,Avery 480,0,4,0,7.2,2.27,Medium,2011
CA-2011-108182,07-02-2011,11-02-2011,Second Class,Delfina Latchford,Consumer,Illinois,United States,US,Central,OFF-BI-10001196,Office Supplies,Binders,"Avery Flip-Chart Easel Binder, Black",0,2,0.8,-14.7708,0.51,Medium,2011
US-2011-169390,08-02-2011,11-02-2011,Second Class,Chris Selesnick,Corporate,New York,United States,US,East,OFF-ST-10001558,Office Supplies,Storage,Acco Perma 4000 Stacking Storage Drawers,1,4,0,9.744,19.07,Critical,2011
ES-2011-5045844,08-02-2011,12-02-2011,Standard Class,Edward Becker,Corporate,Alsace,France,EU,Central,OFF-BI-10000815,Office Supplies,Binders,"Ibico 3-Hole Punch, Durable",0,5,0,59.1,14.79,Medium,2011
CA-2011-107755,08-02-2011,13-02-2011,Standard Class,Cyma Kinney,Corporate,New Jersey,United States,US,East,TEC-AC-10000710,Technology,Accessories,Maxell DVD-RAM Discs,1,7,0,49.6048,12.6,Medium,2011
ES-2011-2608306,08-02-2011,13-02-2011,Standard Class,Shaun Weien,Consumer,Tuscany,Italy,EU,South,OFF-FA-10000659,Office Supplies,Fasteners,"Stockwell Clamps, 12 Pack",1,6,0,21.78,5.55,Medium,2011
EG-2011-3900,08-02-2011,13-02-2011,Standard Class,Kelly Williams,Consumer,Al Qahirah,Egypt,Africa,Africa,OFF-BIN-10004729,Office Supplies,Art,"Binney & Smith Sketch Pad, Water Color",0,1,0,16.32,4.32,Medium,2011
MX-2011-119977,08-02-2011,14-02-2011,Standard Class,Kelly Williams,Consumer,Santiago,Chile,LATAM,South,OFF-ST-10002466,Office Supplies,Storage,"Smead Box, Blue",1,7,0,20.02,2.6,Medium,2011
IN-2011-36494,08-02-2011,13-02-2011,Standard Class,Bart Pistole,Corporate,Guangdong,China,APAC,North Asia,FUR-FU-10000482,Furniture,Furnishings,"Eldon Photo Frame, Duo Pack",1,1,0,15.69,1.52,Medium,2011
IZ-2011-9890,08-02-2011,14-02-2011,Standard Class,Julia Barnett,Home Office,Ninawa,Iraq,EMEA,EMEA,OFF-ACC-10000233,Office Supplies,Binders,"Acco Binder, Economy",0,2,0,4.2,1.37,Medium,2011
IN-2011-36494,08-02-2011,13-02-2011,Standard Class,Bart Pistole,Corporate,Guangdong,China,APAC,North Asia,OFF-SU-10003559,Office Supplies,Supplies,"Kleencut Ruler, Steel",1,3,0,8.1,1.27,Medium,2011
EG-2011-3900,08-02-2011,13-02-2011,Standard Class,Kelly Williams,Consumer,Al Qahirah,Egypt,Africa,Africa,FUR-SAF-10002314,Furniture,Chairs,"SAFCO Swivel Stool, Black",1,2,0,119.16,0.16,Medium,2011
MX-2011-137064,09-02-2011,11-02-2011,Second Class,Tom Prescott,Consumer,Sancti Spíritus,Cuba,LATAM,Caribbean,FUR-CH-10004095,Furniture,Chairs,"SAFCO Executive Leather Armchair, Adjustable",1,2,0,235.04,107.68,High,2011
MX-2011-116218,09-02-2011,13-02-2011,Standard Class,Liz Thompson,Consumer,Distrito Federal,Mexico,LATAM,North,TEC-CO-10003142,Technology,Copiers,"Hewlett Fax and Copier, Laser",0,4,0.002,91.53136,55.89,High,2011
MX-2011-117709,09-02-2011,09-02-2011,Same Day,Shui Tom,Consumer,Granma,Cuba,LATAM,Caribbean,TEC-PH-10001264,Technology,Phones,"Cisco Signal Booster, VoIP",0,4,0,52.64,53.53,Medium,2011
ES-2011-4342226,09-02-2011,09-02-2011,Same Day,Clay Ludtke,Consumer,Hesse,Germany,EU,Central,OFF-AR-10001898,Office Supplies,Art,"Binney & Smith Pencil Sharpener, Fluorescent",0,5,0,5.25,51.62,Critical,2011
MX-2011-116218,09-02-2011,13-02-2011,Standard Class,Liz Thompson,Consumer,Distrito Federal,Mexico,LATAM,North,FUR-TA-10002982,Furniture,Tables,"Lesro Coffee Table, Adjustable Height",1,3,0.2,106.704,44.67,High,2011
MX-2011-137064,09-02-2011,11-02-2011,Second Class,Tom Prescott,Consumer,Sancti Spíritus,Cuba,LATAM,Caribbean,OFF-AP-10001682,Office Supplies,Appliances,"Hamilton Beach Blender, Black",0,9,0,88.74,35.9,High,2011
IT-2011-3659171,09-02-2011,13-02-2011,Standard Class,Yoseph Carroll,Corporate,England,United Kingdom,EU,North,FUR-CH-10004355,Furniture,Chairs,"Harbour Creations Rocking Chair, Set of Two",0,2,0.1,23.892,35.76,High,2011
ES-2011-5389664,09-02-2011,13-02-2011,Standard Class,Nat Gilpin,Corporate,Overijssel,Netherlands,EU,Central,FUR-FU-10004527,Furniture,Furnishings,"Advantus Frame, Duo Pack",0,3,0.2,89.982,35.11,High,2011
ES-2011-4342226,09-02-2011,09-02-2011,Same Day,Clay Ludtke,Consumer,Hesse,Germany,EU,Central,OFF-BI-10002799,Office Supplies,Binders,"Cardinal Binder Covers, Clear",0,7,0,20.79,23,Critical,2011
ES-2011-2722980,09-02-2011,14-02-2011,Standard Class,Hallie Redmond,Home Office,Catalonia,Spain,EU,South,FUR-BO-10001537,Furniture,Bookcases,"Ikea Corner Shelving, Metal",1,3,0,14.67,17.87,Medium,2011
ES-2011-5389664,09-02-2011,13-02-2011,Standard Class,Nat Gilpin,Corporate,Overijssel,Netherlands,EU,Central,OFF-ST-10002263,Office Supplies,Storage,"Rogers Trays, Wire Frame",0,3,0.5,-1.845,14.63,High,2011
ID-2011-61876,09-02-2011,15-02-2011,Standard Class,Daniel Raglin,Home Office,Daejeon,South Korea,APAC,North Asia,OFF-ST-10003306,Office Supplies,Storage,"Eldon File Cart, Single Width",1,4,0.5,-205.5,13.62,Medium,2011
ID-2011-61876,09-02-2011,15-02-2011,Standard Class,Daniel Raglin,Home Office,Daejeon,South Korea,APAC,North Asia,FUR-TA-10004050,Furniture,Tables,"Lesro Coffee Table, Fully Assembled",1,4,0.8,-304.224,11.94,Medium,2011
ID-2011-55975,09-02-2011,13-02-2011,Standard Class,Erica Hernandez,Home Office,Queensland,Australia,APAC,Oceania,FUR-FU-10002223,Furniture,Furnishings,"Deflect-O Stacking Tray, Durable",1,6,0.1,22.626,9.45,Medium,2011
ES-2011-5389664,09-02-2011,13-02-2011,Standard Class,Nat Gilpin,Corporate,Overijssel,Netherlands,EU,Central,OFF-EN-10001993,Office Supplies,Envelopes,"GlobeWeis Manila Envelope, Set of 50",1,4,0.5,-18.66,5.71,High,2011
ES-2011-2722980,09-02-2011,14-02-2011,Standard Class,Hallie Redmond,Home Office,Catalonia,Spain,EU,South,OFF-AR-10000110,Office Supplies,Art,"Binney & Smith Sketch Pad, Blue",0,2,0,24.06,5.54,Medium,2011
ES-2011-2722980,09-02-2011,14-02-2011,Standard Class,Hallie Redmond,Home Office,Catalonia,Spain,EU,South,OFF-BI-10002570,Office Supplies,Binders,"Cardinal 3-Hole Punch, Clear",1,3,0,17.73,5.17,Medium,2011
ES-2011-2722980,09-02-2011,14-02-2011,Standard Class,Hallie Redmond,Home Office,Catalonia,Spain,EU,South,OFF-ST-10001142,Office Supplies,Storage,"Smead Folders, Wire Frame",0,4,0.1,-2.664,2.85,Medium,2011
ES-2011-2722980,09-02-2011,14-02-2011,Standard Class,Hallie Redmond,Home Office,Catalonia,Spain,EU,South,OFF-FA-10003836,Office Supplies,Fasteners,"Stockwell Rubber Bands, 12 Pack",0,3,0,4.77,2.34,Medium,2011
CA-2011-125759,09-02-2011,10-02-2011,First Class,Nathan Mautz,Home Office,Nevada,United States,US,West,FUR-FU-10002111,Furniture,Furnishings,"Master Caster Door Stop, Large Brown",0,2,0,5.5328,1.57,Medium,2011
ID-2011-61876,09-02-2011,15-02-2011,Standard Class,Daniel Raglin,Home Office,Daejeon,South Korea,APAC,North Asia,TEC-MA-10000684,Technology,Machines,"Okidata Calculator, White",0,1,0.5,-20.79,1.49,Medium,2011
ID-2011-61876,09-02-2011,15-02-2011,Standard Class,Daniel Raglin,Home Office,Daejeon,South Korea,APAC,North Asia,OFF-BI-10002632,Office Supplies,Binders,"Acco Binding Machine, Recycled",1,1,0.5,-11.835,1.27,Medium,2011
ID-2011-64599,10-02-2011,15-02-2011,Standard Class,Carol Adams,Corporate,Shizuoka,Japan,APAC,North Asia,TEC-PH-10000303,Technology,Phones,"Samsung Smart Phone, VoIP",1,11,0,2939.31,413.8,Medium,2011
SF-2011-8180,10-02-2011,15-02-2011,Second Class,John Huston,Consumer,Eastern Cape,South Africa,Africa,Africa,TEC-CIS-10002544,Technology,Phones,"Cisco Headset, Full Size",0,8,0,243.84,143.07,Medium,2011
ES-2011-4632225,10-02-2011,15-02-2011,Standard Class,Michelle Ellison,Corporate,Madrid,Spain,EU,South,FUR-BO-10001039,Furniture,Bookcases,"Dania Classic Bookcase, Traditional",0,2,0,353.22,67.95,High,2011
IT-2011-1181278,10-02-2011,10-02-2011,Same Day,Paul Lucas,Home Office,Lower Saxony,Germany,EU,Central,OFF-ST-10001554,Office Supplies,Storage,"Tenex File Cart, Industrial",1,4,0.6,-220.032,60.85,High,2011
IN-2011-61050,10-02-2011,13-02-2011,First Class,Frank Olsen,Consumer,Pahang,Malaysia,APAC,Southeast Asia,FUR-CH-10003354,Furniture,Chairs,"Novimex Bag Chairs, Black",1,7,0,2.94,59.42,Critical,2011
ES-2011-3818297,10-02-2011,14-02-2011,Standard Class,Jennifer Patt,Corporate,Basel-Stadt,Switzerland,EU,Central,FUR-BO-10003968,Furniture,Bookcases,"Sauder Library with Doors, Mobile",1,2,0,117,50.42,Medium,2011
ES-2011-4744800,10-02-2011,14-02-2011,Standard Class,Chad McGuire,Consumer,Provence-Alpes-Côte d'Azur,France,EU,Central,TEC-MA-10003101,Technology,Machines,"Panasonic Receipt Printer, Wireless",0,2,0.15,26.55,24,High,2011
MX-2011-135552,10-02-2011,14-02-2011,Standard Class,Quincy Jones,Corporate,Coahuila,Mexico,LATAM,North,OFF-AP-10001941,Office Supplies,Appliances,"KitchenAid Blender, White",0,2,0,9.28,22.02,High,2011
ID-2011-64599,10-02-2011,15-02-2011,Standard Class,Carol Adams,Corporate,Shizuoka,Japan,APAC,North Asia,OFF-SU-10001407,Office Supplies,Supplies,"Fiskars Trimmer, Easy Grip",1,7,0,70.56,21.57,Medium,2011
SF-2011-8180,10-02-2011,15-02-2011,Second Class,John Huston,Consumer,Eastern Cape,South Africa,Africa,Africa,OFF-CAR-10004408,Office Supplies,Binders,"Cardinal 3-Hole Punch, Economy",1,4,0,51.84,13.47,Medium,2011
ES-2011-3609014,10-02-2011,16-02-2011,Standard Class,Meg O'Connel,Home Office,North Rhine-Westphalia,Germany,EU,Central,OFF-AR-10000079,Office Supplies,Art,"Stanley Pencil Sharpener, Fluorescent",1,5,0,39.6,12.38,Medium,2011
ID-2011-64599,10-02-2011,15-02-2011,Standard Class,Carol Adams,Corporate,Shizuoka,Japan,APAC,North Asia,FUR-FU-10003198,Furniture,Furnishings,"Rubbermaid Photo Frame, Erganomic",0,4,0,24.12,12.3,Medium,2011
MD-2011-8270,10-02-2011,14-02-2011,Standard Class,Philisse Overcash,Home Office,Chisinau,Moldova,EMEA,EMEA,OFF-SME-10003530,Office Supplies,Storage,"Smead Lockers, Wire Frame",0,1,0,17.76,11.44,Medium,2011
MX-2011-135552,10-02-2011,14-02-2011,Standard Class,Quincy Jones,Corporate,Coahuila,Mexico,LATAM,North,OFF-EN-10003898,Office Supplies,Envelopes,"Ames Peel and Seal, Set of 50",1,7,0,0.84,11.22,High,2011
IT-2011-1181278,10-02-2011,10-02-2011,Same Day,Paul Lucas,Home Office,Lower Saxony,Germany,EU,Central,OFF-BI-10000894,Office Supplies,Binders,"Avery Binder Covers, Clear",1,5,0.5,-14.325,8.95,High,2011
ES-2011-4744800,10-02-2011,14-02-2011,Standard Class,Chad McGuire,Consumer,Provence-Alpes-Côte d'Azur,France,EU,Central,OFF-EN-10001202,Office Supplies,Envelopes,"Kraft Clasp Envelope, with clear poly window",0,4,0,24,8.63,High,2011
MX-2011-135552,10-02-2011,14-02-2011,Standard Class,Quincy Jones,Corporate,Coahuila,Mexico,LATAM,North,OFF-SU-10004771,Office Supplies,Supplies,"Elite Ruler, Easy Grip",1,4,0,16.4,6.63,High,2011
MD-2011-8270,10-02-2011,14-02-2011,Standard Class,Philisse Overcash,Home Office,Chisinau,Moldova,EMEA,EMEA,OFF-BIN-10003089,Office Supplies,Art,"Binney & Smith Highlighters, Easy-Erase",0,4,0,24.24,6.28,Medium,2011
MX-2011-135552,10-02-2011,14-02-2011,Standard Class,Quincy Jones,Corporate,Coahuila,Mexico,LATAM,North,OFF-EN-10000258,Office Supplies,Envelopes,"GlobeWeis Peel and Seal, with clear poly window",1,4,0,12.56,5.64,High,2011
MD-2011-8270,10-02-2011,14-02-2011,Standard Class,Philisse Overcash,Home Office,Chisinau,Moldova,EMEA,EMEA,FUR-RUB-10001310,Furniture,Furnishings,"Rubbermaid Photo Frame, Black",0,1,0,1.02,3.9,Medium,2011
MD-2011-8270,10-02-2011,14-02-2011,Standard Class,Philisse Overcash,Home Office,Chisinau,Moldova,EMEA,EMEA,TEC-SAM-10001013,Technology,Phones,"Samsung Audio Dock, Cordless",1,1,0,30.54,3.44,Medium,2011
SF-2011-8180,10-02-2011,15-02-2011,Second Class,John Huston,Consumer,Eastern Cape,South Africa,Africa,Africa,OFF-ADV-10000177,Office Supplies,Fasteners,"Advantus Staples, Metal",1,4,0,18,3.1,Medium,2011
MD-2011-8270,10-02-2011,14-02-2011,Standard Class,Philisse Overcash,Home Office,Chisinau,Moldova,EMEA,EMEA,OFF-ELI-10003277,Office Supplies,Supplies,"Elite Letter Opener, High Speed",0,2,0,22.38,2.85,Medium,2011
ES-2011-4632225,10-02-2011,15-02-2011,Standard Class,Michelle Ellison,Corporate,Madrid,Spain,EU,South,OFF-AR-10002113,Office Supplies,Art,"Boston Highlighters, Easy-Erase",0,1,0,4.2,2.24,High,2011
ES-2011-3818297,10-02-2011,14-02-2011,Standard Class,Jennifer Patt,Corporate,Basel-Stadt,Switzerland,EU,Central,OFF-AR-10000444,Office Supplies,Art,"BIC Highlighters, Blue",0,1,0,7.56,1.44,Medium,2011
MD-2011-8270,10-02-2011,14-02-2011,Standard Class,Philisse Overcash,Home Office,Chisinau,Moldova,EMEA,EMEA,OFF-SAN-10002015,Office Supplies,Art,"Sanford Pens, Water Color",0,1,0,6.54,1.32,Medium,2011
ID-2011-28661,10-02-2011,13-02-2011,Second Class,Michelle Ellison,Corporate,Hubei,China,APAC,North Asia,OFF-SU-10000178,Office Supplies,Supplies,"Acme Ruler, Easy Grip",1,1,0.5,-7.725,0.98,High,2011
SF-2011-8180,10-02-2011,15-02-2011,Second Class,John Huston,Consumer,Eastern Cape,South Africa,Africa,Africa,OFF-IBI-10001772,Office Supplies,Binders,"Ibico Index Tab, Clear",1,1,0,3.09,0.84,Medium,2011
MD-2011-8270,10-02-2011,14-02-2011,Standard Class,Philisse Overcash,Home Office,Chisinau,Moldova,EMEA,EMEA,OFF-ACC-10002834,Office Supplies,Fasteners,"Accos Thumb Tacks, 12 Pack",0,1,0,4.44,0.83,Medium,2011
UG-2011-9740,10-02-2011,13-02-2011,First Class,Mary O'Rourke,Consumer,Kampala,Uganda,Africa,Africa,OFF-CAR-10001911,Office Supplies,Binders,"Cardinal Binder Covers, Clear",1,1,0.7,-5.052,0.39,High,2011
ZI-2011-9280,11-02-2011,15-02-2011,Standard Class,Anna Häberlin,Corporate,Bulawayo,Zimbabwe,Africa,Africa,TEC-HEW-10000930,Technology,Copiers,"Hewlett Ink, Digital",0,10,0.7,-371.04,16.58,High,2011
IR-2011-6140,11-02-2011,13-02-2011,Second Class,Lisa DeCherney,Consumer,Gilan,Iran,EMEA,EMEA,TEC-SAM-10000765,Technology,Phones,"Samsung Signal Booster, Full Size",0,1,0,66.18,15.49,Critical,2011
MX-2011-130981,11-02-2011,15-02-2011,Standard Class,Steve Nguyen,Home Office,Parana,Brazil,LATAM,South,TEC-CO-10001040,Technology,Copiers,"Canon Personal Copier, Laser",0,2,0.002,81.41936,11.76,High,2011
IR-2011-6140,11-02-2011,13-02-2011,Second Class,Lisa DeCherney,Consumer,Gilan,Iran,EMEA,EMEA,OFF-SME-10004247,Office Supplies,Storage,"Smead Shelving, Single Width",0,1,0,22.02,6.81,Critical,2011
ZI-2011-9280,11-02-2011,15-02-2011,Standard Class,Anna Häberlin,Corporate,Bulawayo,Zimbabwe,Africa,Africa,OFF-FIS-10000063,Office Supplies,Supplies,"Fiskars Box Cutter, Easy Grip",1,6,0.7,-55.728,5.99,High,2011
ZI-2011-9280,11-02-2011,15-02-2011,Standard Class,Anna Häberlin,Corporate,Bulawayo,Zimbabwe,Africa,Africa,OFF-ROG-10003993,Office Supplies,Storage,"Rogers File Cart, Single Width",0,2,0.7,-124.662,5.61,High,2011
IN-2011-60917,11-02-2011,15-02-2011,Standard Class,Sung Pak,Corporate,Karnataka,India,APAC,Central Asia,OFF-BI-10001659,Office Supplies,Binders,"Cardinal Index Tab, Clear",0,3,0,3.87,2.92,High,2011
ZI-2011-9280,11-02-2011,15-02-2011,Standard Class,Anna Häberlin,Corporate,Bulawayo,Zimbabwe,Africa,Africa,FUR-ADV-10004718,Furniture,Furnishings,"Advantus Light Bulb, Duo Pack",0,2,0.7,-20.142,1.39,High,2011
CA-2011-127614,12-02-2011,16-02-2011,Standard Class,Natalie Fritzler,Consumer,Virginia,United States,US,South,FUR-TA-10003715,Furniture,Tables,Hon 2111 Invitation Series Corner Table,0,6,0,75.3732,212.94,High,2011
MO-2011-7930,12-02-2011,14-02-2011,First Class,Eric Murdock,Consumer,Grand Casablanca,Morocco,Africa,Africa,FUR-SAF-10001136,Furniture,Chairs,"SAFCO Swivel Stool, Adjustable",1,4,0,327.12,201.54,Critical,2011
CA-2011-127614,12-02-2011,16-02-2011,Standard Class,Natalie Fritzler,Consumer,Virginia,United States,US,South,TEC-AC-10001432,Technology,Accessories,Enermax Aurora Lite Keyboard,1,3,0,103.158,38.36,High,2011
CA-2011-168368,12-02-2011,16-02-2011,Second Class,Guy Armstrong,Consumer,Missouri,United States,US,Central,FUR-FU-10002298,Furniture,Furnishings,"Rubbermaid ClusterMat Chairmats, Mat Size- 66"" x 60"", Lip 20"" x 11"" -90 Degree Angle",0,3,0,53.2704,18.55,Medium,2011
MO-2011-7930,12-02-2011,14-02-2011,First Class,Eric Murdock,Consumer,Grand Casablanca,Morocco,Africa,Africa,OFF-SME-10000520,Office Supplies,Storage,"Smead Shelving, Wire Frame",1,1,0,22.08,12.48,Critical,2011
CA-2011-168368,12-02-2011,16-02-2011,Second Class,Guy Armstrong,Consumer,Missouri,United States,US,Central,FUR-CH-10001146,Furniture,Chairs,"Global Value Mid-Back Manager's Chair, Gray",0,1,0,15.2225,10.07,Medium,2011
MO-2011-7930,12-02-2011,14-02-2011,First Class,Eric Murdock,Consumer,Grand Casablanca,Morocco,Africa,Africa,OFF-EAT-10002789,Office Supplies,Paper,"Eaton Computer Printout Paper, Recycled",1,1,0,11.37,8.97,Critical,2011
MO-2011-7930,12-02-2011,14-02-2011,First Class,Eric Murdock,Consumer,Grand Casablanca,Morocco,Africa,Africa,OFF-FEL-10004117,Office Supplies,Storage,"Fellowes Trays, Blue",1,1,0,3.99,8.97,Critical,2011
CA-2011-168368,12-02-2011,16-02-2011,Second Class,Guy Armstrong,Consumer,Missouri,United States,US,Central,OFF-ST-10002583,Office Supplies,Storage,Fellowes Neat Ideas Storage Cubes,1,2,0,2.5984,6.78,Medium,2011
CA-2011-168368,12-02-2011,16-02-2011,Second Class,Guy Armstrong,Consumer,Missouri,United States,US,Central,OFF-BI-10004654,Office Supplies,Binders,VariCap6 Expandable Binder,1,3,0,24.393,3.52,Medium,2011
CA-2011-127614,12-02-2011,16-02-2011,Standard Class,Natalie Fritzler,Consumer,Virginia,United States,US,South,OFF-BI-10003291,Office Supplies,Binders,Wilson Jones Leather-Like Binders with DublLock Round Rings,0,2,0,8.2062,1.47,High,2011
CA-2011-168368,12-02-2011,16-02-2011,Second Class,Guy Armstrong,Consumer,Missouri,United States,US,Central,OFF-LA-10004853,Office Supplies,Labels,Avery 483,1,3,0,6.8724,1.12,Medium,2011
IN-2011-73734,12-02-2011,19-02-2011,Standard Class,Michael Granlund,Home Office,Telangana,India,APAC,Central Asia,OFF-BI-10004440,Office Supplies,Binders,"Cardinal Binder, Economy",0,1,0,3.3,0.97,Medium,2011
CA-2011-168368,12-02-2011,16-02-2011,Second Class,Guy Armstrong,Consumer,Missouri,United States,US,Central,OFF-BI-10004728,Office Supplies,Binders,Wilson Jones Turn Tabs Binder Tool for Ring Binders,1,2,0,4.4344,0.33,Medium,2011
US-2011-110674,13-02-2011,19-02-2011,Standard Class,Sanjit Chand,Consumer,California,United States,US,West,FUR-CH-10000225,Furniture,Chairs,"Global Geo Office Task Chair, Gray",0,2,0.2,-24.294,3.26,Medium,2011
RS-2011-3350,14-02-2011,16-02-2011,Second Class,Muhammed MacIntyre,Corporate,Bashkortostan,Russia,EMEA,EMEA,TEC-CAN-10000932,Technology,Copiers,"Canon Fax Machine, Color",1,4,0,319.8,286.19,Critical,2011
RS-2011-3350,14-02-2011,16-02-2011,Second Class,Muhammed MacIntyre,Corporate,Bashkortostan,Russia,EMEA,EMEA,FUR-ELD-10004384,Furniture,Furnishings,"Eldon Frame, Black",1,4,0,130.2,121.21,Critical,2011
RS-2011-3350,14-02-2011,16-02-2011,Second Class,Muhammed MacIntyre,Corporate,Bashkortostan,Russia,EMEA,EMEA,TEC-BRO-10002103,Technology,Copiers,"Brother Ink, Color",0,2,0,145.74,82.46,Critical,2011
IN-2011-85284,14-02-2011,18-02-2011,Standard Class,Katrina Bavinger,Home Office,New South Wales,Australia,APAC,Oceania,TEC-PH-10001187,Technology,Phones,"Cisco Signal Booster, with Caller ID",0,4,0,115.32,31.65,Medium,2011
IN-2011-85284,14-02-2011,18-02-2011,Standard Class,Katrina Bavinger,Home Office,New South Wales,Australia,APAC,Oceania,OFF-ST-10000210,Office Supplies,Storage,"Tenex Lockers, Wire Frame",1,2,0,178.8,30.38,Medium,2011
NG-2011-830,14-02-2011,18-02-2011,Standard Class,Jasper Cacioppo,Consumer,Niamey,Niger,Africa,Africa,OFF-SAN-10001546,Office Supplies,Paper,"SanDisk Computer Printout Paper, Recycled",1,8,0,106.8,28.45,High,2011
MX-2011-106803,14-02-2011,19-02-2011,Standard Class,Laurel Beltran,Home Office,Holguín,Cuba,LATAM,Caribbean,TEC-PH-10001298,Technology,Phones,"Motorola Office Telephone, VoIP",0,4,0,13.36,20.14,High,2011
IN-2011-11350,14-02-2011,18-02-2011,Standard Class,Toby Gnade,Consumer,Liaoning,China,APAC,North Asia,OFF-AR-10003613,Office Supplies,Art,"Sanford Canvas, Easy-Erase",0,5,0,76.05,16.29,Medium,2011
SG-2011-4160,14-02-2011,18-02-2011,Second Class,Toby Carlisle,Consumer,Dakar,Senegal,Africa,Africa,OFF-GLO-10002982,Office Supplies,Envelopes,"GlobeWeis Mailers, Set of 50",1,2,0,0.72,15.23,High,2011
MX-2011-106803,14-02-2011,19-02-2011,Standard Class,Laurel Beltran,Home Office,Holguín,Cuba,LATAM,Caribbean,OFF-SU-10004662,Office Supplies,Supplies,"Elite Scissors, Serrated",0,6,0,24.6,13.32,High,2011
IN-2011-11350,14-02-2011,18-02-2011,Standard Class,Toby Gnade,Consumer,Liaoning,China,APAC,North Asia,FUR-FU-10002598,Furniture,Furnishings,"Tenex Photo Frame, Durable",1,3,0,61.56,11.53,Medium,2011
MX-2011-106803,14-02-2011,19-02-2011,Standard Class,Laurel Beltran,Home Office,Holguín,Cuba,LATAM,Caribbean,OFF-ST-10001954,Office Supplies,Storage,"Rogers Shelving, Wire Frame",0,2,0,22.84,9.61,High,2011
MX-2011-106803,14-02-2011,19-02-2011,Standard Class,Laurel Beltran,Home Office,Holguín,Cuba,LATAM,Caribbean,TEC-AC-10003927,Technology,Accessories,"Belkin Numeric Keypad, Bluetooth",0,2,0,33.2,8.38,High,2011
IN-2011-85284,14-02-2011,18-02-2011,Standard Class,Katrina Bavinger,Home Office,New South Wales,Australia,APAC,Oceania,OFF-SU-10000079,Office Supplies,Supplies,"Fiskars Trimmer, Serrated",1,4,0,26.52,6.91,Medium,2011
IN-2011-22662,14-02-2011,16-02-2011,Second Class,Deborah Brumfield,Home Office,Hong Kong,Hong Kong,APAC,North Asia,OFF-FA-10003318,Office Supplies,Fasteners,"Stockwell Clamps, Bulk Pack",1,3,0,5.13,6.7,Medium,2011
IN-2011-22662,14-02-2011,16-02-2011,Second Class,Deborah Brumfield,Home Office,Hong Kong,Hong Kong,APAC,North Asia,TEC-PH-10001640,Technology,Phones,"Motorola Office Telephone, Full Size",0,1,0,29.94,6.34,Medium,2011
ES-2011-2543443,14-02-2011,19-02-2011,Second Class,Helen Andreada,Consumer,Valenciana,Spain,EU,South,OFF-AR-10003450,Office Supplies,Art,"BIC Markers, Blue",1,1,0,0.51,2.68,Medium,2011
IN-2011-85284,14-02-2011,18-02-2011,Standard Class,Katrina Bavinger,Home Office,New South Wales,Australia,APAC,Oceania,OFF-BI-10004121,Office Supplies,Binders,"Avery Index Tab, Durable",0,4,0,5.04,2.11,Medium,2011
SG-2011-4160,14-02-2011,18-02-2011,Second Class,Toby Carlisle,Consumer,Dakar,Senegal,Africa,Africa,OFF-AVE-10000608,Office Supplies,Binders,"Avery Index Tab, Economy",0,2,0,6.42,2.03,High,2011
RS-2011-4710,14-02-2011,20-02-2011,Standard Class,Toby Braunhardt,Consumer,Kaluga,Russia,EMEA,EMEA,OFF-SAN-10004881,Office Supplies,Art,"Sanford Pencil Sharpener, Easy-Erase",0,1,0,13.53,2.03,Low,2011
MX-2011-106803,14-02-2011,19-02-2011,Standard Class,Laurel Beltran,Home Office,Holguín,Cuba,LATAM,Caribbean,OFF-AR-10004173,Office Supplies,Art,"Stanley Pens, Easy-Erase",0,2,0,6.16,1.78,High,2011
ES-2011-2543443,14-02-2011,19-02-2011,Second Class,Helen Andreada,Consumer,Valenciana,Spain,EU,South,OFF-ST-10002151,Office Supplies,Storage,"Eldon Box, Blue",1,1,0.1,1.614,0.79,Medium,2011
SF-2011-6380,15-02-2011,16-02-2011,First Class,Pete Armstrong,Home Office,Gauteng,South Africa,Africa,Africa,OFF-SME-10000746,Office Supplies,Storage,"Smead Lockers, Industrial",0,14,0,779.52,422.25,Critical,2011
IN-2011-75890,15-02-2011,19-02-2011,Standard Class,Jeremy Ellison,Consumer,Saitama,Japan,APAC,North Asia,FUR-BO-10004852,Furniture,Bookcases,"Sauder Classic Bookcase, Traditional",1,4,0,645.24,181.61,Medium,2011
ID-2011-47575,15-02-2011,21-02-2011,Standard Class,Christopher Martinez,Consumer,National Capital,Philippines,APAC,Southeast Asia,TEC-PH-10001921,Technology,Phones,"Nokia Signal Booster, with Caller ID",0,9,0.25,-172.125,128.01,Low,2011
ID-2011-47575,15-02-2011,21-02-2011,Standard Class,Christopher Martinez,Consumer,National Capital,Philippines,APAC,Southeast Asia,TEC-CO-10000865,Technology,Copiers,"Brother Fax Machine, High-Speed",0,6,0.35,-456.174,118.63,Low,2011
IT-2011-1044550,15-02-2011,20-02-2011,Standard Class,Gary Zandusky,Consumer,Overijssel,Netherlands,EU,Central,FUR-BO-10004129,Furniture,Bookcases,"Sauder Classic Bookcase, Pine",1,4,0.5,-577.32,78.18,Medium,2011
IT-2011-3264984,15-02-2011,21-02-2011,Standard Class,Tracy Poddar,Corporate,Andalusía,Spain,EU,South,FUR-CH-10002891,Furniture,Chairs,"Hon Executive Leather Armchair, Adjustable",0,2,0.2,-81.864,60.76,Medium,2011
IT-2011-1044550,15-02-2011,20-02-2011,Standard Class,Gary Zandusky,Consumer,Overijssel,Netherlands,EU,Central,FUR-TA-10000115,Furniture,Tables,"Barricks Coffee Table, Fully Assembled",0,3,0.7,-499.977,21.13,Medium,2011
CA-2011-121762,15-02-2011,19-02-2011,Standard Class,Marina Lichtenstein,Corporate,Washington,United States,US,West,OFF-SU-10000157,Office Supplies,Supplies,Compact Automatic Electric Letter Opener,0,2,0,4.7724,20.08,Medium,2011
ID-2011-47575,15-02-2011,21-02-2011,Standard Class,Christopher Martinez,Consumer,National Capital,Philippines,APAC,Southeast Asia,TEC-PH-10003772,Technology,Phones,"Cisco Headset, Cordless",1,2,0.25,-1.845,16.42,Low,2011
CG-2011-6250,15-02-2011,20-02-2011,Standard Class,Trudy Brown,Consumer,Kinshasa,Democratic Republic of the Congo,Africa,Africa,TEC-OKI-10003655,Technology,Machines,"Okidata Calculator, Wireless",1,4,0,4.08,15.22,Medium,2011
CA-2011-121762,15-02-2011,19-02-2011,Standard Class,Marina Lichtenstein,Corporate,Washington,United States,US,West,TEC-AC-10000736,Technology,Accessories,Logitech G600 MMO Gaming Mouse,0,3,0,86.3892,13.45,Medium,2011
CG-2011-6250,15-02-2011,20-02-2011,Standard Class,Trudy Brown,Consumer,Kinshasa,Democratic Republic of the Congo,Africa,Africa,OFF-TEN-10004194,Office Supplies,Storage,"Tenex File Cart, Single Width",0,1,0,63.24,13.08,Medium,2011
CG-2011-6250,15-02-2011,20-02-2011,Standard Class,Trudy Brown,Consumer,Kinshasa,Democratic Republic of the Congo,Africa,Africa,OFF-BOS-10002340,Office Supplies,Art,"Boston Markers, Blue",0,6,0,64.8,10.16,Medium,2011
CG-2011-6250,15-02-2011,20-02-2011,Standard Class,Trudy Brown,Consumer,Kinshasa,Democratic Republic of the Congo,Africa,Africa,OFF-CUI-10004536,Office Supplies,Appliances,"Cuisinart Blender, Black",0,2,0,1.32,9.99,Medium,2011
CG-2011-6250,15-02-2011,20-02-2011,Standard Class,Trudy Brown,Consumer,Kinshasa,Democratic Republic of the Congo,Africa,Africa,OFF-STA-10004108,Office Supplies,Art,"Stanley Canvas, Easy-Erase",0,2,0,23.82,9.19,Medium,2011
IT-2011-3264984,15-02-2011,21-02-2011,Standard Class,Tracy Poddar,Corporate,Andalusía,Spain,EU,South,FUR-FU-10000388,Furniture,Furnishings,"Rubbermaid Door Stop, Erganomic",1,3,0,19.08,8.53,Medium,2011
CG-2011-6250,15-02-2011,20-02-2011,Standard Class,Trudy Brown,Consumer,Kinshasa,Democratic Republic of the Congo,Africa,Africa,OFF-GRE-10002561,Office Supplies,Paper,"Green Bar Message Books, Premium",1,4,0,9.48,6.19,Medium,2011
CG-2011-6250,15-02-2011,20-02-2011,Standard Class,Trudy Brown,Consumer,Kinshasa,Democratic Republic of the Congo,Africa,Africa,FUR-ELD-10003179,Furniture,Furnishings,"Eldon Clock, Erganomic",1,1,0,18.72,5.69,Medium,2011
CA-2011-121762,15-02-2011,19-02-2011,Standard Class,Marina Lichtenstein,Corporate,Washington,United States,US,West,OFF-AP-10001293,Office Supplies,Appliances,Belkin 8 Outlet Surge Protector,0,2,0,22.9488,4.71,Medium,2011
CG-2011-6250,15-02-2011,20-02-2011,Standard Class,Trudy Brown,Consumer,Kinshasa,Democratic Republic of the Congo,Africa,Africa,OFF-GRE-10000216,Office Supplies,Paper,"Green Bar Note Cards, Premium",1,1,0,3.42,1.95,Medium,2011
CA-2011-107706,15-02-2011,20-02-2011,Second Class,Shui Tom,Consumer,Texas,United States,US,Central,OFF-PA-10000466,Office Supplies,Paper,"Memo Book, 100 Message Capacity, 5 3/8” x 11”",1,3,0.2,6.066,1.27,High,2011
CG-2011-6250,15-02-2011,20-02-2011,Standard Class,Trudy Brown,Consumer,Kinshasa,Democratic Republic of the Congo,Africa,Africa,OFF-OIC-10004999,Office Supplies,Fasteners,"OIC Push Pins, Metal",0,2,0,12,0.95,Medium,2011
IT-2011-1978668,16-02-2011,19-02-2011,Second Class,Odella Nelson,Corporate,Midi-Pyrénées,France,EU,Central,FUR-CH-10002203,Furniture,Chairs,"SAFCO Executive Leather Armchair, Black",1,11,0.1,1868.13,506.27,Medium,2011
IN-2011-78263,16-02-2011,21-02-2011,Standard Class,Benjamin Farhat,Home Office,Uttar Pradesh,India,APAC,Central Asia,TEC-MA-10002941,Technology,Machines,"Okidata Card Printer, Red",0,7,0,423.78,113.03,Medium,2011
MX-2011-133816,16-02-2011,20-02-2011,Standard Class,Matt Hagelstein,Corporate,Guantánamo,Cuba,LATAM,Caribbean,TEC-AC-10001990,Technology,Accessories,"Enermax Router, USB",1,3,0,180.96,48.23,Medium,2011
IT-2011-1978668,16-02-2011,19-02-2011,Second Class,Odella Nelson,Corporate,Midi-Pyrénées,France,EU,Central,OFF-AP-10000717,Office Supplies,Appliances,"Hoover Microwave, Black",1,1,0.1,-0.027,27.94,Medium,2011
IN-2011-65033,16-02-2011,21-02-2011,Standard Class,Bart Watters,Corporate,South Australia,Australia,APAC,Oceania,TEC-MA-10002464,Technology,Machines,"Panasonic Printer, Durable",0,2,0.1,58.638,26.73,Medium,2011
IN-2011-65033,16-02-2011,21-02-2011,Standard Class,Bart Watters,Corporate,South Australia,Australia,APAC,Oceania,FUR-CH-10001913,Furniture,Chairs,"Office Star Swivel Stool, Adjustable",1,3,0.1,15.831,25.88,Medium,2011
IT-2011-1978668,16-02-2011,19-02-2011,Second Class,Odella Nelson,Corporate,Midi-Pyrénées,France,EU,Central,TEC-PH-10003995,Technology,Phones,"Nokia Audio Dock, VoIP",0,2,0.15,43.371,23.67,Medium,2011
IN-2011-65033,16-02-2011,21-02-2011,Standard Class,Bart Watters,Corporate,South Australia,Australia,APAC,Oceania,FUR-CH-10001664,Furniture,Chairs,"Novimex Swivel Stool, Black",1,2,0.1,38.874,12.64,Medium,2011
MX-2011-133816,16-02-2011,20-02-2011,Standard Class,Matt Hagelstein,Corporate,Guantánamo,Cuba,LATAM,Caribbean,OFF-AP-10002165,Office Supplies,Appliances,"Hamilton Beach Blender, White",0,5,0,31.1,12.28,Medium,2011
IN-2011-78263,16-02-2011,21-02-2011,Standard Class,Benjamin Farhat,Home Office,Uttar Pradesh,India,APAC,Central Asia,FUR-FU-10001619,Furniture,Furnishings,"Advantus Clock, Erganomic",0,3,0,58.5,8.48,Medium,2011
MX-2011-133816,16-02-2011,20-02-2011,Standard Class,Matt Hagelstein,Corporate,Guantánamo,Cuba,LATAM,Caribbean,TEC-CO-10000262,Technology,Copiers,"Brother Ink, Laser",0,3,0.002,49.4508,7.47,Medium,2011
IT-2011-1978668,16-02-2011,19-02-2011,Second Class,Odella Nelson,Corporate,Midi-Pyrénées,France,EU,Central,OFF-AR-10003521,Office Supplies,Art,"Stanley Highlighters, Easy-Erase",0,6,0,32.22,6.89,Medium,2011
ES-2011-4436456,16-02-2011,20-02-2011,Standard Class,Rob Williams,Corporate,Languedoc-Roussillon,France,EU,Central,TEC-PH-10001557,Technology,Phones,"Apple Speaker Phone, VoIP",1,1,0.15,30.8415,5.83,Medium,2011
MX-2011-143812,16-02-2011,20-02-2011,Second Class,Tracy Zic,Consumer,Managua,Nicaragua,LATAM,Central,FUR-FU-10004013,Furniture,Furnishings,"Tenex Stacking Tray, Erganomic",0,5,0,1.5,4.39,Medium,2011
ES-2011-4436456,16-02-2011,20-02-2011,Standard Class,Rob Williams,Corporate,Languedoc-Roussillon,France,EU,Central,OFF-PA-10000301,Office Supplies,Paper,"Enermax Parchment Paper, Premium",1,4,0,0,3.13,Medium,2011
CA-2011-165568,16-02-2011,20-02-2011,Standard Class,Barry Französisch,Corporate,Washington,United States,US,West,OFF-BI-10001031,Office Supplies,Binders,Pressboard Data Binders by Wilson Jones,0,5,0.2,7.209,2.41,Medium,2011
IN-2011-78263,16-02-2011,21-02-2011,Standard Class,Benjamin Farhat,Home Office,Uttar Pradesh,India,APAC,Central Asia,OFF-LA-10003396,Office Supplies,Labels,"Avery Color Coded Labels, Laser Printer Compatible",0,3,0,8.73,2.35,Medium,2011
IN-2011-78263,16-02-2011,21-02-2011,Standard Class,Benjamin Farhat,Home Office,Uttar Pradesh,India,APAC,Central Asia,FUR-BO-10004230,Furniture,Bookcases,"Bush Corner Shelving, Metal",1,1,0,50.61,1.34,Medium,2011
ES-2011-4436456,16-02-2011,20-02-2011,Standard Class,Rob Williams,Corporate,Languedoc-Roussillon,France,EU,Central,OFF-AR-10002113,Office Supplies,Art,"Boston Highlighters, Easy-Erase",0,2,0,8.4,1.32,Medium,2011
MX-2011-133816,16-02-2011,20-02-2011,Standard Class,Matt Hagelstein,Corporate,Guantánamo,Cuba,LATAM,Caribbean,OFF-BI-10004142,Office Supplies,Binders,"Acco Index Tab, Clear",0,2,0,4.48,0.7,Medium,2011
MX-2011-163636,17-02-2011,22-02-2011,Standard Class,Emily Ducich,Home Office,Guatemala,Guatemala,LATAM,Central,TEC-PH-10004880,Technology,Phones,"Cisco Signal Booster, Cordless",1,3,0,102.06,26.54,High,2011
MX-2011-163636,17-02-2011,22-02-2011,Standard Class,Emily Ducich,Home Office,Guatemala,Guatemala,LATAM,Central,FUR-FU-10000060,Furniture,Furnishings,"Advantus Light Bulb, Duo Pack",1,5,0,2.6,11.37,High,2011
IN-2011-40498,17-02-2011,19-02-2011,First Class,Laura Armstrong,Corporate,Heilongjiang,China,APAC,North Asia,OFF-FA-10003626,Office Supplies,Fasteners,"Advantus Rubber Bands, Assorted Sizes",0,5,0,29.4,10.97,Critical,2011
ID-2011-66048,17-02-2011,22-02-2011,Standard Class,Laurel Beltran,Home Office,Bangkok,Thailand,APAC,Southeast Asia,OFF-BI-10000389,Office Supplies,Binders,"Ibico Binding Machine, Clear",0,3,0.17,-25.9488,7.69,Medium,2011
MX-2011-163636,17-02-2011,22-02-2011,Standard Class,Emily Ducich,Home Office,Guatemala,Guatemala,LATAM,Central,OFF-EN-10004012,Office Supplies,Envelopes,"GlobeWeis Peel and Seal, Set of 50",1,2,0,13.96,2.53,High,2011
ZI-2011-3890,17-02-2011,19-02-2011,First Class,Katrina Willman,Consumer,Harare,Zimbabwe,Africa,Africa,OFF-BIN-10000327,Office Supplies,Art,"Binney & Smith Markers, Water Color",1,1,0.7,-14.469,2.38,Medium,2011
CA-2011-122567,17-02-2011,22-02-2011,Standard Class,Michael Nguyen,Consumer,Texas,United States,US,Central,OFF-AP-10001303,Office Supplies,Appliances,"Holmes Cool Mist Humidifier for the Whole House with 8-Gallon Output per Day, Extended Life Filter",1,2,0.8,-13.93,0.92,High,2011
NI-2011-3080,17-02-2011,22-02-2011,Standard Class,Roger Demir,Consumer,Lagos,Nigeria,Africa,Africa,OFF-HAR-10004099,Office Supplies,Labels,"Harbour Creations Removable Labels, 5000 Label Set",0,2,0.7,-7.05,0.56,Medium,2011
ZI-2011-3890,17-02-2011,19-02-2011,First Class,Katrina Willman,Consumer,Harare,Zimbabwe,Africa,Africa,OFF-SAN-10004339,Office Supplies,Art,"Sanford Highlighters, Water Color",1,1,0.7,-6.441,0.4,Medium,2011
CA-2011-122567,17-02-2011,22-02-2011,Standard Class,Michael Nguyen,Consumer,Texas,United States,US,Central,OFF-BI-10002012,Office Supplies,Binders,Wilson Jones Easy Flow II Sheet Lifters,1,3,0.8,-1.728,0.11,High,2011
IN-2011-17111,18-02-2011,21-02-2011,Second Class,Michelle Lonsdale,Corporate,Queensland,Australia,APAC,Oceania,TEC-PH-10002042,Technology,Phones,"Cisco Audio Dock, Full Size",1,5,0.1,54.87,161.63,High,2011
CA-2011-4710,18-02-2011,20-02-2011,First Class,Skye Norling,Home Office,Ontario,Canada,Canada,Canada,OFF-CUI-10001965,Office Supplies,Appliances,"Cuisinart Microwave, White",1,1,0,30.42,46.69,High,2011
ID-2011-72173,18-02-2011,20-02-2011,First Class,Charles McCrossin,Consumer,Seoul,South Korea,APAC,North Asia,TEC-AC-10003753,Technology,Accessories,"SanDisk Router, Programmable",0,2,0.5,-165.03,29.12,Medium,2011
ES-2011-5118812,18-02-2011,23-02-2011,Standard Class,Alan Barnes,Consumer,Ile-de-France,France,EU,Central,TEC-MA-10003558,Technology,Machines,"Panasonic Calculator, Durable",0,3,0.15,-1.53,13.21,Medium,2011
IN-2011-31895,18-02-2011,23-02-2011,Standard Class,Ruben Dartt,Consumer,Rajasthan,India,APAC,Central Asia,FUR-CH-10001871,Furniture,Chairs,"Harbour Creations Steel Folding Chair, Set of Two",0,3,0,18,12.23,Medium,2011
IN-2011-51530,18-02-2011,24-02-2011,Standard Class,Jim Radford,Consumer,Victoria,Australia,APAC,Oceania,OFF-PA-10000127,Office Supplies,Paper,"SanDisk Parchment Paper, Multicolor",0,5,0.1,24.39,7.44,Medium,2011
CA-2011-4710,18-02-2011,20-02-2011,First Class,Skye Norling,Home Office,Ontario,Canada,Canada,Canada,OFF-ACM-10002713,Office Supplies,Supplies,"Acme Box Cutter, Steel",0,1,0,13.02,7.41,High,2011
ES-2011-5987802,18-02-2011,22-02-2011,Second Class,Daniel Lacy,Consumer,North Rhine-Westphalia,Germany,EU,Central,OFF-FA-10002350,Office Supplies,Fasteners,"OIC Staples, Assorted Sizes",1,7,0,23.31,7.12,Medium,2011
CA-2011-4710,18-02-2011,20-02-2011,First Class,Skye Norling,Home Office,Ontario,Canada,Canada,Canada,OFF-KIT-10001245,Office Supplies,Appliances,"KitchenAid Blender, Black",1,1,0,36.84,6.88,High,2011
IN-2011-17111,18-02-2011,21-02-2011,Second Class,Michelle Lonsdale,Corporate,Queensland,Australia,APAC,Oceania,OFF-SU-10001731,Office Supplies,Supplies,"Elite Letter Opener, High Speed",0,1,0.1,10.41,5.13,High,2011
CA-2011-154165,18-02-2011,25-02-2011,Standard Class,Delfina Latchford,Consumer,Illinois,United States,US,Central,OFF-AR-10003631,Office Supplies,Art,Staples,0,14,0.2,8.8088,4.11,Low,2011
CA-2011-4710,18-02-2011,20-02-2011,First Class,Skye Norling,Home Office,Ontario,Canada,Canada,Canada,OFF-SAN-10001326,Office Supplies,Paper,"SanDisk Note Cards, 8.5 x 11",0,1,0,7.71,3.92,High,2011
ES-2011-1720401,18-02-2011,24-02-2011,Standard Class,Ken Heidel,Corporate,Burgundy,France,EU,Central,OFF-FA-10003463,Office Supplies,Fasteners,"OIC Thumb Tacks, Assorted Sizes",0,3,0,13.77,3.5,Medium,2011
ES-2011-5118812,18-02-2011,23-02-2011,Standard Class,Alan Barnes,Consumer,Ile-de-France,France,EU,Central,OFF-BI-10001717,Office Supplies,Binders,"Avery Hole Reinforcements, Durable",1,4,0,8.4,2.77,Medium,2011
IN-2011-17111,18-02-2011,21-02-2011,Second Class,Michelle Lonsdale,Corporate,Queensland,Australia,APAC,Oceania,OFF-LA-10003644,Office Supplies,Labels,"Novimex Removable Labels, Adjustable",0,2,0.1,1.686,1.37,High,2011
ES-2011-5987802,18-02-2011,22-02-2011,Second Class,Daniel Lacy,Consumer,North Rhine-Westphalia,Germany,EU,Central,OFF-FA-10004344,Office Supplies,Fasteners,"Advantus Thumb Tacks, Assorted Sizes",1,5,0,8.25,1.27,Medium,2011
IN-2011-46504,19-02-2011,21-02-2011,Second Class,Larry Tron,Consumer,Telangana,India,APAC,Central Asia,OFF-SU-10002742,Office Supplies,Supplies,"Stiletto Trimmer, Serrated",0,3,0,36.63,9.87,High,2011
US-2011-165589,19-02-2011,19-02-2011,Same Day,Troy Blackwell,Consumer,Texas,United States,US,Central,FUR-FU-10002396,Furniture,Furnishings,"DAX Copper Panel Document Frame, 5 x 7 Size",0,5,0.6,-11.322,1.39,High,2011
CA-2011-152905,19-02-2011,25-02-2011,Standard Class,Aaron Bergman,Consumer,Texas,United States,US,Central,OFF-ST-10000321,Office Supplies,Storage,Akro Stacking Bins,1,2,0.2,-2.5248,0.97,Low,2011
IN-2011-64627,21-02-2011,25-02-2011,Standard Class,Sam Craven,Consumer,Tokyo,Japan,APAC,North Asia,TEC-MA-10003801,Technology,Machines,"StarTech Card Printer, Red",1,5,0,224.85,78.45,Medium,2011
ES-2011-4052630,21-02-2011,26-02-2011,Standard Class,Zuschuss Donatelli,Consumer,Lombardy,Italy,EU,South,FUR-TA-10003899,Furniture,Tables,"Barricks Round Table, with Bottom Storage",0,4,0.5,-942.9,72.92,Medium,2011
IN-2011-78781,21-02-2011,25-02-2011,Standard Class,John Lucas,Consumer,South Australia,Australia,APAC,Oceania,OFF-ST-10000107,Office Supplies,Storage,"Eldon File Cart, Industrial",0,7,0.1,-62.853,54.17,Medium,2011
IN-2011-26456,21-02-2011,28-02-2011,Standard Class,Erin Ashbrook,Corporate,Hebei,China,APAC,North Asia,TEC-CO-10004689,Technology,Copiers,"Canon Ink, Color",1,2,0,56.46,51.95,Low,2011
ID-2011-24454,21-02-2011,21-02-2011,Same Day,Liz MacKendrick,Consumer,National Capital,Philippines,APAC,Southeast Asia,OFF-PA-10002047,Office Supplies,Paper,"Green Bar Cards & Envelopes, 8.5 x 11",0,6,0.45,-104.031,37.06,High,2011
IN-2011-58341,21-02-2011,25-02-2011,Second Class,Andrew Roberts,Consumer,Hong Kong,Hong Kong,APAC,North Asia,FUR-BO-10004773,Furniture,Bookcases,"Ikea Floating Shelf Set, Mobile",1,2,0,114.06,27.59,Medium,2011
IN-2011-26456,21-02-2011,28-02-2011,Standard Class,Erin Ashbrook,Corporate,Hebei,China,APAC,North Asia,OFF-EN-10003508,Office Supplies,Envelopes,"GlobeWeis Peel and Seal, with clear poly window",0,6,0,70.2,19.92,Low,2011
IN-2011-78781,21-02-2011,25-02-2011,Standard Class,John Lucas,Consumer,South Australia,Australia,APAC,Oceania,TEC-PH-10004300,Technology,Phones,"Apple Office Telephone, Cordless",0,3,0.1,75.591,18.66,Medium,2011
IN-2011-59993,21-02-2011,23-02-2011,Second Class,Arthur Gainer,Consumer,Singapore,Singapore,APAC,Southeast Asia,FUR-CH-10000825,Furniture,Chairs,"SAFCO Chairmat, Red",1,3,0,69.93,17.13,Medium,2011
ES-2011-4052630,21-02-2011,26-02-2011,Standard Class,Zuschuss Donatelli,Consumer,Lombardy,Italy,EU,South,OFF-AR-10002454,Office Supplies,Art,"Binney & Smith Canvas, Water Color",1,3,0,78.48,16.05,Medium,2011
ID-2011-24454,21-02-2011,21-02-2011,Same Day,Liz MacKendrick,Consumer,National Capital,Philippines,APAC,Southeast Asia,TEC-PH-10001805,Technology,Phones,"Nokia Speaker Phone, Full Size",0,1,0.25,-7.47,8.84,High,2011
CA-2011-109491,21-02-2011,27-02-2011,Standard Class,Linda Cazamias,Corporate,Indiana,United States,US,Central,TEC-AC-10001284,Technology,Accessories,Enermax Briskie RF Wireless Keyboard and Mouse Combo,1,3,0,22.4316,3.97,Medium,2011
IN-2011-58341,21-02-2011,25-02-2011,Second Class,Andrew Roberts,Consumer,Hong Kong,Hong Kong,APAC,North Asia,OFF-FA-10001309,Office Supplies,Fasteners,"Stockwell Thumb Tacks, 12 Pack",0,2,0,4.74,2.96,Medium,2011
IN-2011-78781,21-02-2011,25-02-2011,Standard Class,John Lucas,Consumer,South Australia,Australia,APAC,Oceania,OFF-LA-10000732,Office Supplies,Labels,"Novimex Round Labels, 5000 Label Set",1,6,0.1,8.244,2.54,Medium,2011
ES-2011-4052630,21-02-2011,26-02-2011,Standard Class,Zuschuss Donatelli,Consumer,Lombardy,Italy,EU,South,TEC-MA-10003856,Technology,Machines,"Okidata Calculator, Red",1,1,0.4,-5.466,2.41,Medium,2011
ES-2011-4052630,21-02-2011,26-02-2011,Standard Class,Zuschuss Donatelli,Consumer,Lombardy,Italy,EU,South,OFF-ST-10001818,Office Supplies,Storage,"Smead Trays, Blue",0,1,0.4,-13.092,2.34,Medium,2011
IT-2011-3284965,21-02-2011,25-02-2011,Standard Class,Sarah Jordon,Consumer,Zürich,Switzerland,EU,Central,OFF-FA-10003462,Office Supplies,Fasteners,"Stockwell Thumb Tacks, Assorted Sizes",1,2,0,5.88,1.8,Medium,2011
IT-2011-3284965,21-02-2011,25-02-2011,Standard Class,Sarah Jordon,Consumer,Zürich,Switzerland,EU,Central,OFF-ST-10000154,Office Supplies,Storage,"Smead Box, Single Width",0,3,0,8.37,1.77,Medium,2011
ES-2011-4228024,21-02-2011,28-02-2011,Standard Class,Alice McCarthy,Corporate,Sicily,Italy,EU,South,OFF-LA-10004332,Office Supplies,Labels,"Novimex File Folder Labels, Adjustable",1,3,0,3.69,1.54,Low,2011
CA-2011-164903,21-02-2011,25-02-2011,Standard Class,Steven Roelle,Home Office,California,United States,US,West,OFF-PA-10003363,Office Supplies,Paper,Xerox 204,1,2,0,6.2208,1.14,High,2011
CA-2011-109491,21-02-2011,27-02-2011,Standard Class,Linda Cazamias,Corporate,Indiana,United States,US,Central,FUR-FU-10000221,Furniture,Furnishings,"Master Caster Door Stop, Brown",1,4,0,6.9088,0.83,Medium,2011
ES-2011-3353574,22-02-2011,26-02-2011,Standard Class,Paul Gonzalez,Consumer,Tuscany,Italy,EU,South,TEC-MA-10002118,Technology,Machines,"Konica Printer, Red",0,3,0.4,39.672,85.57,High,2011
PL-2011-9340,22-02-2011,27-02-2011,Second Class,Rick Wilson,Corporate,Pomerania,Poland,EMEA,EMEA,OFF-AVE-10002079,Office Supplies,Binders,"Avery Binding Machine, Durable",0,8,0,24,30.21,Medium,2011
ES-2011-3353574,22-02-2011,26-02-2011,Standard Class,Paul Gonzalez,Consumer,Tuscany,Italy,EU,South,FUR-FU-10000620,Furniture,Furnishings,"Advantus Clock, Black",0,2,0,29.76,20.15,High,2011
IR-2011-360,22-02-2011,27-02-2011,Standard Class,Sam Zeldin,Home Office,Tehran,Iran,EMEA,EMEA,FUR-HON-10003080,Furniture,Tables,"Hon Computer Table, Adjustable Height",0,1,0,63.66,17.73,Medium,2011
PL-2011-9340,22-02-2011,27-02-2011,Second Class,Rick Wilson,Corporate,Pomerania,Poland,EMEA,EMEA,TEC-PAN-10004651,Technology,Machines,"Panasonic Phone, White",0,4,0,29.88,15.62,Medium,2011
ES-2011-3353574,22-02-2011,26-02-2011,Standard Class,Paul Gonzalez,Consumer,Tuscany,Italy,EU,South,OFF-BI-10000368,Office Supplies,Binders,"Avery Binder Covers, Durable",1,5,0,8.1,9.61,High,2011
IT-2011-4664416,22-02-2011,27-02-2011,Standard Class,Christopher Martinez,Consumer,Dublin,Ireland,EU,North,TEC-PH-10003960,Technology,Phones,"Apple Speaker Phone, with Caller ID",0,3,0.5,-92.52,9.15,Medium,2011
IR-2011-360,22-02-2011,27-02-2011,Standard Class,Sam Zeldin,Home Office,Tehran,Iran,EMEA,EMEA,OFF-STO-10001791,Office Supplies,Fasteners,"Stockwell Clamps, Bulk Pack",1,6,0,25.38,6.92,Medium,2011
IN-2011-16362,22-02-2011,26-02-2011,Standard Class,Rick Huthwaite,Home Office,Rajasthan,India,APAC,Central Asia,TEC-AC-10000051,Technology,Accessories,"Logitech Memory Card, USB",0,2,0,43.5,5.99,Medium,2011
IR-2011-360,22-02-2011,27-02-2011,Standard Class,Sam Zeldin,Home Office,Tehran,Iran,EMEA,EMEA,OFF-FEL-10002897,Office Supplies,Storage,"Fellowes Shelving, Single Width",0,1,0,15.03,5.34,Medium,2011
TU-2011-5500,22-02-2011,24-02-2011,Second Class,Andrew Gjertsen,Corporate,Izmir,Turkey,EMEA,EMEA,OFF-ROG-10001372,Office Supplies,Storage,"Rogers Trays, Blue",0,1,0.6,-18.528,3.84,High,2011
ES-2011-3353574,22-02-2011,26-02-2011,Standard Class,Paul Gonzalez,Consumer,Tuscany,Italy,EU,South,OFF-BI-10001253,Office Supplies,Binders,"Acco Binder Covers, Recycled",1,3,0,12.24,3.66,High,2011
ES-2011-3353574,22-02-2011,26-02-2011,Standard Class,Paul Gonzalez,Consumer,Tuscany,Italy,EU,South,OFF-BI-10002986,Office Supplies,Binders,"Avery Binder Covers, Recycled",1,2,0,8.22,3.23,High,2011
CG-2011-1930,22-02-2011,26-02-2011,Standard Class,Patricia Hirasaki,Home Office,South Kivu,Democratic Republic of the Congo,Africa,Africa,OFF-BIC-10003680,Office Supplies,Art,"BIC Highlighters, Blue",1,2,0,15.12,3.15,Medium,2011
PL-2011-9340,22-02-2011,27-02-2011,Second Class,Rick Wilson,Corporate,Pomerania,Poland,EMEA,EMEA,OFF-JIF-10000981,Office Supplies,Envelopes,"Jiffy Peel and Seal, with clear poly window",1,2,0,8.94,1.95,Medium,2011
ES-2011-4187064,22-02-2011,24-02-2011,Second Class,Julia Dunbar,Consumer,Ile-de-France,France,EU,Central,OFF-BI-10002193,Office Supplies,Binders,"Wilson Jones Hole Reinforcements, Recycled",0,2,0,2.34,1.09,High,2011
CA-2011-165540,22-02-2011,26-02-2011,Standard Class,Tamara Manning,Consumer,Illinois,United States,US,Central,OFF-BI-10004094,Office Supplies,Binders,GBC Standard Plastic Binding Systems Combs,1,5,0.8,-13.7175,0.7,Medium,2011
TU-2011-5500,22-02-2011,24-02-2011,Second Class,Andrew Gjertsen,Corporate,Izmir,Turkey,EMEA,EMEA,OFF-EAT-10003405,Office Supplies,Paper,"Eaton Parchment Paper, Multicolor",0,1,0.6,-5.658,0.54,High,2011
IR-2011-360,22-02-2011,27-02-2011,Standard Class,Sam Zeldin,Home Office,Tehran,Iran,EMEA,EMEA,OFF-HAR-10003659,Office Supplies,Labels,"Harbour Creations Color Coded Labels, Adjustable",0,1,0,1.5,0.34,Medium,2011
TU-2011-5990,22-02-2011,26-02-2011,Standard Class,Michelle Lonsdale,Corporate,Diyarbakir,Turkey,EMEA,EMEA,OFF-HON-10004014,Office Supplies,Labels,"Hon Shipping Labels, Adjustable",0,1,0.6,-2.322,0.34,High,2011
IN-2011-44901,23-02-2011,26-02-2011,First Class,Mitch Gastineau,Corporate,Maharashtra,India,APAC,Central Asia,TEC-CO-10004997,Technology,Copiers,"Hewlett Wireless Fax, Color",0,4,0,732.72,319.53,High,2011
IN-2011-44901,23-02-2011,26-02-2011,First Class,Mitch Gastineau,Corporate,Maharashtra,India,APAC,Central Asia,FUR-BO-10002462,Furniture,Bookcases,"Ikea Classic Bookcase, Pine",0,5,0,41.25,248.81,High,2011
US-2011-145674,23-02-2011,26-02-2011,First Class,Mary O'Rourke,Consumer,Distrito Federal,Mexico,LATAM,North,FUR-CH-10001914,Furniture,Chairs,"Harbour Creations Bag Chairs, Black",1,5,0.2,-0.06,59.64,Critical,2011
ID-2011-55667,23-02-2011,26-02-2011,Second Class,Roland Fjeld,Consumer,Punjab,Pakistan,APAC,Central Asia,FUR-CH-10001871,Furniture,Chairs,"Harbour Creations Steel Folding Chair, Set of Two",1,2,0.2,-28.056,25.95,High,2011
ID-2011-55667,23-02-2011,26-02-2011,Second Class,Roland Fjeld,Consumer,Punjab,Pakistan,APAC,Central Asia,TEC-PH-10003752,Technology,Phones,"Nokia Office Telephone, VoIP",0,3,0.5,-29.43,13.05,High,2011
AJ-2011-4460,23-02-2011,23-02-2011,Same Day,Carlos Meador,Consumer,Baki,Azerbaijan,EMEA,EMEA,OFF-WIL-10003299,Office Supplies,Binders,"Wilson Jones Binding Machine, Recycled",0,1,0,5.4,9.76,Medium,2011
IN-2011-44901,23-02-2011,26-02-2011,First Class,Mitch Gastineau,Corporate,Maharashtra,India,APAC,Central Asia,OFF-SU-10002566,Office Supplies,Supplies,"Stiletto Trimmer, Steel",1,4,0,70.8,8.4,High,2011
CA-2011-133354,23-02-2011,25-02-2011,First Class,Sue Ann Reed,Consumer,California,United States,US,West,OFF-PA-10001800,Office Supplies,Paper,Xerox 220,0,3,0,9.3312,5.01,High,2011
IN-2011-44901,23-02-2011,26-02-2011,First Class,Mitch Gastineau,Corporate,Maharashtra,India,APAC,Central Asia,OFF-EN-10000224,Office Supplies,Envelopes,"Cameo Clasp Envelope, Recycled",1,2,0,3.3,3.97,High,2011
ID-2011-55667,23-02-2011,26-02-2011,Second Class,Roland Fjeld,Consumer,Punjab,Pakistan,APAC,Central Asia,OFF-PA-10004495,Office Supplies,Paper,"SanDisk Note Cards, Premium",0,3,0.5,0,1.48,High,2011
IT-2011-2889545,23-02-2011,28-02-2011,Standard Class,Giulietta Dortch,Corporate,Lazio,Italy,EU,South,FUR-CH-10000214,Furniture,Chairs,"Harbour Creations Bag Chairs, Black",1,2,0.6,-60.408,0.93,Medium,2011
ES-2011-2377967,24-02-2011,28-02-2011,Standard Class,Julie Creighton,Corporate,Namur,Belgium,EU,Central,FUR-BO-10000002,Furniture,Bookcases,"Bush Classic Bookcase, Mobile",0,5,0,103.8,197.11,Medium,2011
IR-2011-6700,24-02-2011,25-02-2011,First Class,Tom Stivers,Corporate,Qom,Iran,EMEA,EMEA,TEC-CIS-10001717,Technology,Phones,"Cisco Smart Phone, with Caller ID",1,1,0,287.85,136.02,Medium,2011
MX-2011-161480,24-02-2011,24-02-2011,Same Day,Carlos Soltero,Consumer,Rio Grande do Sul,Brazil,LATAM,South,TEC-CO-10004589,Technology,Copiers,"Canon Wireless Fax, High-Speed",0,2,0.002,84.39504,69.65,Medium,2011
IR-2011-6700,24-02-2011,25-02-2011,First Class,Tom Stivers,Corporate,Qom,Iran,EMEA,EMEA,TEC-BEL-10003177,Technology,Accessories,"Belkin Keyboard, Erganomic",1,6,0,29.34,39.03,Medium,2011
US-2011-149559,24-02-2011,28-02-2011,Standard Class,Gary Zandusky,Consumer,Bahia,Brazil,LATAM,South,TEC-MA-10003390,Technology,Machines,"Okidata Printer, Durable",1,2,0.6,-85.976,22.4,High,2011
IN-2011-74378,24-02-2011,25-02-2011,First Class,Jim Mitchum,Corporate,Yangon,Myanmar (Burma),APAC,Southeast Asia,OFF-EN-10004495,Office Supplies,Envelopes,"Kraft Peel and Seal, Security-Tint",0,5,0.17,-7.0065,19.89,Medium,2011
MX-2011-161480,24-02-2011,24-02-2011,Same Day,Carlos Soltero,Consumer,Rio Grande do Sul,Brazil,LATAM,South,TEC-PH-10002292,Technology,Phones,"Cisco Signal Booster, Full Size",0,6,0,238.8,19.51,Medium,2011
ES-2011-2377967,24-02-2011,28-02-2011,Standard Class,Julie Creighton,Corporate,Namur,Belgium,EU,Central,OFF-BI-10002172,Office Supplies,Binders,"Acco Binding Machine, Recycled",0,6,0,77.04,13.8,Medium,2011
CA-2011-8490,24-02-2011,03-03-2011,Standard Class,Toby Braunhardt,Consumer,Ontario,Canada,Canada,Canada,OFF-FEL-10002658,Office Supplies,Storage,"Fellowes Shelving, Wire Frame",1,1,0,23.31,7.54,Low,2011
US-2011-132388,24-02-2011,28-02-2011,Standard Class,Gary Zandusky,Consumer,Santo Domingo,Dominican Republic,LATAM,Caribbean,TEC-MA-10002710,Technology,Machines,"Okidata Printer, Durable",0,2,0.7,-121.792,7.32,Medium,2011
IR-2011-6700,24-02-2011,25-02-2011,First Class,Tom Stivers,Corporate,Qom,Iran,EMEA,EMEA,OFF-ROG-10002818,Office Supplies,Storage,"Rogers Trays, Industrial",1,1,0,24.84,6.07,Medium,2011
NI-2011-9470,24-02-2011,27-02-2011,First Class,Damala Kotsonis,Corporate,Lagos,Nigeria,Africa,Africa,TEC-OKI-10003770,Technology,Machines,"Okidata Receipt Printer, Durable",0,1,0.7,-81.201,5.89,High,2011
IR-2011-6700,24-02-2011,25-02-2011,First Class,Tom Stivers,Corporate,Qom,Iran,EMEA,EMEA,OFF-ACC-10000798,Office Supplies,Binders,"Acco Hole Reinforcements, Economy",1,4,0,2.28,5.51,Medium,2011
ES-2011-2377967,24-02-2011,28-02-2011,Standard Class,Julie Creighton,Corporate,Namur,Belgium,EU,Central,TEC-CO-10003597,Technology,Copiers,"Brother Copy Machine, High-Speed",0,2,0,57.66,4.97,Medium,2011
SG-2011-8120,24-02-2011,28-02-2011,Standard Class,Christy Brittain,Consumer,Dakar,Senegal,Africa,Africa,TEC-LOG-10000368,Technology,Accessories,"Logitech Flash Drive, Programmable",0,2,0,30.06,4.15,High,2011
IR-2011-6700,24-02-2011,25-02-2011,First Class,Tom Stivers,Corporate,Qom,Iran,EMEA,EMEA,OFF-WIL-10001069,Office Supplies,Binders,"Wilson Jones Hole Reinforcements, Clear",1,4,0,1.68,3.14,Medium,2011
MX-2011-161480,24-02-2011,24-02-2011,Same Day,Carlos Soltero,Consumer,Rio Grande do Sul,Brazil,LATAM,South,OFF-PA-10002360,Office Supplies,Paper,"SanDisk Computer Printout Paper, 8.5 x 11",0,3,0,1.32,2.99,Medium,2011
IR-2011-6700,24-02-2011,25-02-2011,First Class,Tom Stivers,Corporate,Qom,Iran,EMEA,EMEA,OFF-IBI-10001494,Office Supplies,Binders,"Ibico Index Tab, Durable",1,1,0,4.05,1.04,Medium,2011
CA-2011-103744,24-02-2011,28-02-2011,Standard Class,Michael Grace,Home Office,Texas,United States,US,Central,OFF-LA-10004425,Office Supplies,Labels,Staples,0,3,0.2,2.3409,0.5,Medium,2011
NI-2011-9470,24-02-2011,27-02-2011,First Class,Damala Kotsonis,Corporate,Lagos,Nigeria,Africa,Africa,OFF-XER-10003104,Office Supplies,Paper,"Xerox Memo Slips, Recycled",1,1,0.7,-7.398,0.27,High,2011
CA-2011-103744,24-02-2011,28-02-2011,Standard Class,Michael Grace,Home Office,Texas,United States,US,Central,OFF-BI-10000320,Office Supplies,Binders,GBC Plastic Binding Combs,0,3,0.8,-6.8634,0.23,Medium,2011
AG-2011-8180,25-02-2011,25-02-2011,Same Day,Rose O'Brian,Consumer,Alger,Algeria,Africa,Africa,TEC-EPS-10004558,Technology,Machines,"Epson Inkjet, Durable",1,2,0,202.32,241.33,Critical,2011
ID-2011-56969,25-02-2011,03-03-2011,Standard Class,Fred McMath,Consumer,Hubei,China,APAC,North Asia,TEC-PH-10004281,Technology,Phones,"Samsung Audio Dock, Cordless",1,9,0,656.64,172.32,Medium,2011
AG-2011-8180,25-02-2011,25-02-2011,Same Day,Rose O'Brian,Consumer,Alger,Algeria,Africa,Africa,OFF-ELD-10000845,Office Supplies,Storage,"Eldon Lockers, Wire Frame",0,2,0,78.78,110.6,Critical,2011
AG-2011-8180,25-02-2011,25-02-2011,Same Day,Rose O'Brian,Consumer,Alger,Algeria,Africa,Africa,OFF-SAN-10001681,Office Supplies,Paper,"SanDisk Computer Printout Paper, 8.5 x 11",0,10,0,37.2,27.29,Critical,2011
AG-2011-8180,25-02-2011,25-02-2011,Same Day,Rose O'Brian,Consumer,Alger,Algeria,Africa,Africa,OFF-ADV-10004598,Office Supplies,Fasteners,"Advantus Paper Clips, Metal",1,4,0,12.84,22.06,Critical,2011
MX-2011-131352,25-02-2011,28-02-2011,Second Class,Mike Kennedy,Consumer,Pinar del Río,Cuba,LATAM,Caribbean,FUR-FU-10003237,Furniture,Furnishings,"Eldon Stacking Tray, Durable",0,3,0,6.84,20.1,Critical,2011
CG-2011-6540,25-02-2011,27-02-2011,Second Class,Tracy Hopkins,Home Office,Orientale,Democratic Republic of the Congo,Africa,Africa,OFF-STO-10000347,Office Supplies,Fasteners,"Stockwell Clamps, Assorted Sizes",0,6,0,34.2,18.74,High,2011
MX-2011-114909,25-02-2011,01-03-2011,Standard Class,Emily Grady,Consumer,Guatemala,Guatemala,LATAM,Central,TEC-CO-10001177,Technology,Copiers,"HP Fax and Copier, Color",0,2,0.002,43.69512,14.26,Medium,2011
US-2011-137680,25-02-2011,02-03-2011,Standard Class,Jennifer Halladay,Consumer,Oregon,United States,US,West,OFF-PA-10000174,Office Supplies,Paper,"Message Book, Wirebound, Four 5 1/2"" X 4"" Forms/Pg., 200 Dupl. Sets/Book",1,4,0.2,11.1024,2.37,High,2011
AG-2011-8180,25-02-2011,25-02-2011,Same Day,Rose O'Brian,Consumer,Alger,Algeria,Africa,Africa,OFF-NOV-10003180,Office Supplies,Labels,"Novimex Legal Exhibit Labels, Adjustable",0,1,0,0.57,2.14,Critical,2011
US-2011-137680,25-02-2011,02-03-2011,Standard Class,Jennifer Halladay,Consumer,Oregon,United States,US,West,OFF-PA-10000069,Office Supplies,Paper,"TOPS 4 x 6 Fluorescent Color Memo Sheets, 500 Sheets per Pack",0,3,0.2,7.6869,1.97,High,2011
CG-2011-6540,25-02-2011,27-02-2011,Second Class,Tracy Hopkins,Home Office,Orientale,Democratic Republic of the Congo,Africa,Africa,OFF-NOV-10004223,Office Supplies,Labels,"Novimex Shipping Labels, Adjustable",0,1,0,1.59,1.13,High,2011
CG-2011-6540,25-02-2011,27-02-2011,Second Class,Tracy Hopkins,Home Office,Orientale,Democratic Republic of the Congo,Africa,Africa,OFF-ACC-10000798,Office Supplies,Binders,"Acco Hole Reinforcements, Economy",0,1,0,0.57,0.7,High,2011
MX-2011-135440,26-02-2011,28-02-2011,Second Class,Bill Stewart,Corporate,Matagalpa,Nicaragua,LATAM,Central,TEC-CO-10002063,Technology,Copiers,"Sharp Fax Machine, Color",0,5,0.002,126.7194,107.47,Medium,2011
MX-2011-135440,26-02-2011,28-02-2011,Second Class,Bill Stewart,Corporate,Matagalpa,Nicaragua,LATAM,Central,FUR-BO-10003323,Furniture,Bookcases,"Safco 3-Shelf Cabinet, Mobile",1,6,0,280.92,88.39,Medium,2011
ID-2011-25735,26-02-2011,01-03-2011,Second Class,Michael Dominguez,Corporate,Jakarta,Indonesia,APAC,Southeast Asia,TEC-MA-10001726,Technology,Machines,"Epson Receipt Printer, White",0,3,0.17,-45.1044,81.63,Critical,2011
IT-2011-3203475,26-02-2011,04-03-2011,Standard Class,Bobby Odegard,Consumer,North Holland,Netherlands,EU,Central,FUR-FU-10001086,Furniture,Furnishings,"Advantus Frame, Black",0,6,0.2,-0.144,39.26,Medium,2011
MX-2011-116246,26-02-2011,02-03-2011,Second Class,Rob Lucas,Consumer,San Salvador,El Salvador,LATAM,Central,OFF-ST-10000645,Office Supplies,Storage,"Tenex File Cart, Industrial",1,3,0,10.68,33.3,Medium,2011
IN-2011-43718,26-02-2011,28-02-2011,First Class,David Flashing,Consumer,Chiba,Japan,APAC,North Asia,OFF-SU-10003863,Office Supplies,Supplies,"Kleencut Letter Opener, High Speed",0,3,0,25.38,28.91,Critical,2011
MX-2011-133466,26-02-2011,02-03-2011,Standard Class,Alan Haines,Corporate,Santiago de Cuba,Cuba,LATAM,Caribbean,FUR-CH-10003354,Furniture,Chairs,"Harbour Creations Swivel Stool, Red",0,3,0,104.46,27.4,Medium,2011
US-2011-162012,26-02-2011,02-03-2011,Standard Class,Alan Haines,Corporate,Alagoas,Brazil,LATAM,South,FUR-CH-10001536,Furniture,Chairs,"Harbour Creations Swivel Stool, Red",1,3,0.6,-111.684,14.32,Medium,2011
MX-2011-133466,26-02-2011,02-03-2011,Standard Class,Alan Haines,Corporate,Santiago de Cuba,Cuba,LATAM,Caribbean,TEC-PH-10003254,Technology,Phones,"Samsung Office Telephone, Full Size",0,4,0,54.96,9.28,Medium,2011
MX-2011-116246,26-02-2011,02-03-2011,Second Class,Rob Lucas,Consumer,San Salvador,El Salvador,LATAM,Central,OFF-SU-10003371,Office Supplies,Supplies,"Elite Shears, Serrated",0,2,0,0,8.2,Medium,2011
IT-2011-3203475,26-02-2011,04-03-2011,Standard Class,Bobby Odegard,Consumer,North Holland,Netherlands,EU,Central,TEC-PH-10002079,Technology,Phones,"Motorola Headset, with Caller ID",1,3,0.5,-40.68,7.74,Medium,2011
IN-2011-15991,26-02-2011,02-03-2011,Standard Class,Lena Cacioppo,Consumer,Shandong,China,APAC,North Asia,TEC-AC-10000896,Technology,Accessories,"Belkin Numeric Keypad, Erganomic",0,1,0,10.05,7.27,High,2011
MX-2011-133466,26-02-2011,02-03-2011,Standard Class,Alan Haines,Corporate,Santiago de Cuba,Cuba,LATAM,Caribbean,OFF-SU-10004711,Office Supplies,Supplies,"Acme Trimmer, Serrated",0,2,0,1.64,4.86,Medium,2011
MX-2011-135440,26-02-2011,28-02-2011,Second Class,Bill Stewart,Corporate,Matagalpa,Nicaragua,LATAM,Central,FUR-FU-10000850,Furniture,Furnishings,"Rubbermaid Clock, Black",0,2,0,32.76,4.74,Medium,2011
MX-2011-116246,26-02-2011,02-03-2011,Second Class,Rob Lucas,Consumer,San Salvador,El Salvador,LATAM,Central,OFF-AR-10001813,Office Supplies,Art,"Stanley Markers, Fluorescent",1,3,0,17.34,3.89,Medium,2011
MX-2011-133466,26-02-2011,02-03-2011,Standard Class,Alan Haines,Corporate,Santiago de Cuba,Cuba,LATAM,Caribbean,TEC-AC-10004951,Technology,Accessories,"Memorex Mouse, Erganomic",1,3,0,18.66,3.68,Medium,2011
US-2011-162012,26-02-2011,02-03-2011,Standard Class,Alan Haines,Corporate,Alagoas,Brazil,LATAM,South,TEC-PH-10001602,Technology,Phones,"Samsung Office Telephone, Full Size",1,4,0.6,-51.456,2.95,Medium,2011
US-2011-162012,26-02-2011,02-03-2011,Standard Class,Alan Haines,Corporate,Alagoas,Brazil,LATAM,South,OFF-SU-10001554,Office Supplies,Supplies,"Acme Trimmer, Serrated",0,2,0.6,-31.384,2.07,Medium,2011
US-2011-162012,26-02-2011,02-03-2011,Standard Class,Alan Haines,Corporate,Alagoas,Brazil,LATAM,South,TEC-AC-10004715,Technology,Accessories,"Memorex Mouse, Erganomic",0,3,0.6,-12.516,1.87,Medium,2011
MX-2011-135440,26-02-2011,28-02-2011,Second Class,Bill Stewart,Corporate,Matagalpa,Nicaragua,LATAM,Central,OFF-PA-10003301,Office Supplies,Paper,"Green Bar Parchment Paper, Recycled",1,1,0,3.2,0.65,Medium,2011
IR-2011-6860,27-02-2011,06-03-2011,Standard Class,Dennis Kane,Consumer,Bushehr,Iran,EMEA,EMEA,TEC-EPS-10000774,Technology,Machines,"Epson Phone, Red",0,8,0,93.6,54.7,Medium,2011
ID-2011-72894,28-02-2011,03-03-2011,First Class,Paul Stevenson,Home Office,Seoul,South Korea,APAC,North Asia,OFF-AP-10000675,Office Supplies,Appliances,"Hamilton Beach Stove, White",1,3,0.5,-599.94,236.16,Critical,2011
ID-2011-72894,28-02-2011,03-03-2011,First Class,Paul Stevenson,Home Office,Seoul,South Korea,APAC,North Asia,FUR-FU-10000815,Furniture,Furnishings,"Eldon Door Stop, Black",1,10,0.2,-5.22,108.34,Critical,2011
MX-2011-156748,28-02-2011,28-02-2011,Same Day,Sarah Brown,Consumer,Rio Grande do Sul,Brazil,LATAM,South,TEC-MA-10001859,Technology,Machines,"Okidata Printer, Wireless",0,2,0,110.96,64.95,High,2011
ID-2011-72894,28-02-2011,03-03-2011,First Class,Paul Stevenson,Home Office,Seoul,South Korea,APAC,North Asia,OFF-AP-10003275,Office Supplies,Appliances,"KitchenAid Microwave, Silver",0,2,0.5,-224.01,60.79,Critical,2011
ID-2011-72894,28-02-2011,03-03-2011,First Class,Paul Stevenson,Home Office,Seoul,South Korea,APAC,North Asia,FUR-FU-10004074,Furniture,Furnishings,"Advantus Stacking Tray, Erganomic",1,7,0.2,6.804,50.88,Critical,2011
IN-2011-56213,28-02-2011,04-03-2011,Second Class,Deborah Brumfield,Home Office,National Capital,Philippines,APAC,Southeast Asia,TEC-AC-10004081,Technology,Accessories,"Logitech Keyboard, Bluetooth",0,3,0.45,10.8225,18.64,Medium,2011
ID-2011-72894,28-02-2011,03-03-2011,First Class,Paul Stevenson,Home Office,Seoul,South Korea,APAC,North Asia,TEC-AC-10003668,Technology,Accessories,"Belkin Memory Card, Bluetooth",1,2,0.5,-50.55,16.32,Critical,2011
IN-2011-56213,28-02-2011,04-03-2011,Second Class,Deborah Brumfield,Home Office,National Capital,Philippines,APAC,Southeast Asia,OFF-BI-10002243,Office Supplies,Binders,"Wilson Jones 3-Hole Punch, Durable",1,5,0.15,41.1825,7.71,Medium,2011
CA-2011-156545,28-02-2011,03-03-2011,First Class,Joy Smith,Consumer,Ohio,United States,US,East,OFF-AR-10003560,Office Supplies,Art,Zebra Zazzle Fluorescent Highlighters,0,4,0.2,3.4048,3.38,Medium,2011
ID-2011-56129,28-02-2011,07-03-2011,Standard Class,Sally Hughsby,Corporate,Queensland,Australia,APAC,Oceania,OFF-AR-10000578,Office Supplies,Art,"BIC Pencil Sharpener, Fluorescent",0,1,0.4,-10.008,2.15,Medium,2011
CA-2011-1800,01-03-2011,04-03-2011,First Class,Tom Prescott,Consumer,Ontario,Canada,Canada,Canada,OFF-FEL-10001405,Office Supplies,Storage,"Fellowes File Cart, Industrial",1,4,0,71.64,164.36,High,2011
ES-2011-1705541,01-03-2011,06-03-2011,Standard Class,Todd Sumrall,Corporate,England,United Kingdom,EU,North,FUR-BO-10000259,Furniture,Bookcases,"Safco Classic Bookcase, Traditional",0,3,0,341.73,150.4,High,2011
UP-2011-3730,01-03-2011,05-03-2011,Standard Class,Ruben Dartt,Consumer,Vinnytsya,Ukraine,EMEA,EMEA,TEC-LOG-10003896,Technology,Accessories,"Logitech Router, Erganomic",1,6,0,264.6,146.55,Medium,2011
ES-2011-3893444,01-03-2011,05-03-2011,Standard Class,Tom Boeckenhauer,Consumer,Berlin,Germany,EU,Central,OFF-AP-10002568,Office Supplies,Appliances,"Hamilton Beach Toaster, Black",1,8,0.2,45.456,80.67,High,2011
CA-2011-113880,01-03-2011,05-03-2011,Standard Class,Vicky Freymann,Home Office,Illinois,United States,US,Central,FUR-CH-10000863,Furniture,Chairs,Novimex Swivel Fabric Task Chair,0,6,0.3,-172.1172,70.05,High,2011
CA-2011-1800,01-03-2011,04-03-2011,First Class,Tom Prescott,Consumer,Ontario,Canada,Canada,Canada,FUR-HAR-10001792,Furniture,Chairs,"Harbour Creations Bag Chairs, Red",0,4,0,105.96,65.81,High,2011
ES-2011-1705541,01-03-2011,06-03-2011,Standard Class,Todd Sumrall,Corporate,England,United Kingdom,EU,North,FUR-CH-10002830,Furniture,Chairs,"Office Star Rocking Chair, Red",1,5,0,288.75,64.4,High,2011
UP-2011-3730,01-03-2011,05-03-2011,Standard Class,Ruben Dartt,Consumer,Vinnytsya,Ukraine,EMEA,EMEA,OFF-FEL-10002867,Office Supplies,Storage,"Fellowes Lockers, Single Width",1,6,0,211.5,60.78,Medium,2011
IN-2011-59986,01-03-2011,03-03-2011,First Class,Katherine Hughes,Consumer,South Australia,Australia,APAC,Oceania,TEC-MA-10002520,Technology,Machines,"Panasonic Receipt Printer, White",1,2,0.1,7.158,55.67,High,2011
CA-2011-104269,01-03-2011,06-03-2011,Second Class,Dave Brooks,Consumer,Washington,United States,US,West,FUR-CH-10004063,Furniture,Chairs,Global Deluxe High-Back Manager's Chair,0,2,0.2,51.4764,47.89,Medium,2011
UP-2011-3730,01-03-2011,05-03-2011,Standard Class,Ruben Dartt,Consumer,Vinnytsya,Ukraine,EMEA,EMEA,TEC-SHA-10004874,Technology,Copiers,"Sharp Fax Machine, High-Speed",0,2,0,123.36,42.88,Medium,2011
CA-2011-168312,01-03-2011,07-03-2011,Standard Class,Giulietta Weimer,Consumer,Texas,United States,US,Central,FUR-TA-10001866,Furniture,Tables,Bevis Round Conference Room Tables and Bases,1,3,0.3,-43.0296,32.7,Medium,2011
ES-2011-1705541,01-03-2011,06-03-2011,Standard Class,Todd Sumrall,Corporate,England,United Kingdom,EU,North,OFF-AR-10004151,Office Supplies,Art,"BIC Sketch Pad, Blue",1,4,0,34.92,25.39,High,2011
CA-2011-131009,01-03-2011,05-03-2011,Standard Class,Shahid Collister,Consumer,Texas,United States,US,Central,FUR-CH-10001270,Furniture,Chairs,Harbour Creations Steel Folding Chair,0,6,0.3,0,25.22,Medium,2011
UP-2011-3090,01-03-2011,01-03-2011,Same Day,Bryan Spruell,Home Office,Kherson,Ukraine,EMEA,EMEA,FUR-HON-10002424,Furniture,Chairs,"Hon Steel Folding Chair, Red",1,2,0,76.5,24.42,Medium,2011
UP-2011-3090,01-03-2011,01-03-2011,Same Day,Bryan Spruell,Home Office,Kherson,Ukraine,EMEA,EMEA,OFF-FEL-10002897,Office Supplies,Storage,"Fellowes Shelving, Single Width",1,2,0,30.06,19.52,Medium,2011
CA-2011-1800,01-03-2011,04-03-2011,First Class,Tom Prescott,Consumer,Ontario,Canada,Canada,Canada,TEC-APP-10004912,Technology,Phones,"Apple Speaker Phone, with Caller ID",1,4,0,123.24,18.19,High,2011
ES-2011-1517387,01-03-2011,08-03-2011,Standard Class,Chris McAfee,Consumer,Alsace,France,EU,Central,OFF-AR-10001418,Office Supplies,Art,"BIC Markers, Easy-Erase",1,4,0,29.88,16.48,Low,2011
UP-2011-3730,01-03-2011,05-03-2011,Standard Class,Ruben Dartt,Consumer,Vinnytsya,Ukraine,EMEA,EMEA,TEC-KON-10002194,Technology,Machines,"Konica Printer, White",0,1,0,79.86,16.22,Medium,2011
IN-2011-56738,01-03-2011,05-03-2011,Standard Class,Randy Ferguson,Corporate,Aichi,Japan,APAC,North Asia,FUR-FU-10002210,Furniture,Furnishings,"Tenex Clock, Black",1,7,0,59.64,15.91,Medium,2011
IN-2011-26946,01-03-2011,06-03-2011,Standard Class,Logan Haushalter,Consumer,Sumatera Selatan,Indonesia,APAC,Southeast Asia,FUR-CH-10001465,Furniture,Chairs,"Hon Swivel Stool, Red",0,2,0.27,62.169,15.01,Medium,2011
IN-2011-26946,01-03-2011,06-03-2011,Standard Class,Logan Haushalter,Consumer,Sumatera Selatan,Indonesia,APAC,Southeast Asia,OFF-EN-10004495,Office Supplies,Envelopes,"Kraft Peel and Seal, Security-Tint",0,9,0.47,-74.4147,14.58,Medium,2011
ES-2011-2010166,01-03-2011,05-03-2011,Standard Class,Lori Olson,Corporate,Berlin,Germany,EU,Central,TEC-AC-10004791,Technology,Accessories,"Belkin Keyboard, USB",0,2,0.1,-5.058,14.22,Medium,2011
ID-2011-50144,01-03-2011,05-03-2011,Standard Class,Logan Haushalter,Consumer,Tasmania,Australia,APAC,Oceania,TEC-PH-10001619,Technology,Phones,"Cisco Signal Booster, Full Size",1,1,0.4,-45.948,13.96,High,2011
UP-2011-3730,01-03-2011,05-03-2011,Standard Class,Ruben Dartt,Consumer,Vinnytsya,Ukraine,EMEA,EMEA,FUR-SAF-10004530,Furniture,Bookcases,"Safco Floating Shelf Set, Traditional",0,1,0,86.55,12.33,Medium,2011
ES-2011-3893444,01-03-2011,05-03-2011,Standard Class,Tom Boeckenhauer,Consumer,Berlin,Germany,EU,Central,OFF-ST-10000875,Office Supplies,Storage,"Smead Shelving, Single Width",1,3,0.2,36.684,11.43,High,2011
CA-2011-168312,01-03-2011,07-03-2011,Standard Class,Giulietta Weimer,Consumer,Texas,United States,US,Central,OFF-ST-10003692,Office Supplies,Storage,Recycled Steel Personal File for Hanging File Folders,1,3,0.2,8.5845,8.49,Medium,2011
UP-2011-3090,01-03-2011,01-03-2011,Same Day,Bryan Spruell,Home Office,Kherson,Ukraine,EMEA,EMEA,OFF-STA-10000298,Office Supplies,Art,"Stanley Canvas, Blue",0,2,0,15.78,8.42,Medium,2011
ES-2011-3893444,01-03-2011,05-03-2011,Standard Class,Tom Boeckenhauer,Consumer,Berlin,Germany,EU,Central,OFF-ST-10000988,Office Supplies,Storage,"Fellowes Folders, Blue",1,3,0.2,23.76,8.22,High,2011
CA-2011-131009,01-03-2011,05-03-2011,Standard Class,Shahid Collister,Consumer,Texas,United States,US,Central,OFF-ST-10001469,Office Supplies,Storage,Fellowes Bankers Box Recycled Super Stor/Drawer,0,3,0.2,-22.6716,8,Medium,2011
CA-2011-131009,01-03-2011,05-03-2011,Standard Class,Shahid Collister,Consumer,Texas,United States,US,Central,FUR-FU-10001095,Furniture,Furnishings,DAX Black Cherry Wood-Tone Poster Frame,1,6,0.6,-34.9536,7.38,Medium,2011
UP-2011-3730,01-03-2011,05-03-2011,Standard Class,Ruben Dartt,Consumer,Vinnytsya,Ukraine,EMEA,EMEA,TEC-STA-10004927,Technology,Machines,"StarTech Receipt Printer, Wireless",1,2,0,15.48,6.87,Medium,2011
CA-2011-1800,01-03-2011,04-03-2011,First Class,Tom Prescott,Consumer,Ontario,Canada,Canada,Canada,OFF-ACC-10004692,Office Supplies,Binders,"Acco 3-Hole Punch, Recycled",1,1,0,2.73,6.7,High,2011
ES-2011-1416586,01-03-2011,04-03-2011,Second Class,Ed Ludwig,Home Office,North Rhine-Westphalia,Germany,EU,Central,TEC-MA-10001825,Technology,Machines,"Epson Calculator, Durable",0,1,0,12.54,6.09,Medium,2011
IN-2011-59986,01-03-2011,03-03-2011,First Class,Katherine Hughes,Consumer,South Australia,Australia,APAC,Oceania,OFF-SU-10001770,Office Supplies,Supplies,"Acme Scissors, Easy Grip",0,1,0.1,8.904,5.44,High,2011
ID-2011-50144,01-03-2011,05-03-2011,Standard Class,Logan Haushalter,Consumer,Tasmania,Australia,APAC,Oceania,OFF-PA-10000116,Office Supplies,Paper,"Xerox Parchment Paper, Premium",1,3,0.4,-7.632,3.9,High,2011
UP-2011-3730,01-03-2011,05-03-2011,Standard Class,Ruben Dartt,Consumer,Vinnytsya,Ukraine,EMEA,EMEA,OFF-ELD-10002578,Office Supplies,Storage,"Eldon Box, Single Width",0,6,0,17.82,3.73,Medium,2011
ES-2011-1705541,01-03-2011,06-03-2011,Standard Class,Todd Sumrall,Corporate,England,United Kingdom,EU,North,OFF-AR-10004884,Office Supplies,Art,"Sanford Pens, Fluorescent",0,3,0,10.35,3.55,High,2011
ES-2011-1416586,01-03-2011,04-03-2011,Second Class,Ed Ludwig,Home Office,North Rhine-Westphalia,Germany,EU,Central,OFF-AR-10000505,Office Supplies,Art,"Binney & Smith Pens, Easy-Erase",0,12,0,0,3.35,Medium,2011
ES-2011-1416586,01-03-2011,04-03-2011,Second Class,Ed Ludwig,Home Office,North Rhine-Westphalia,Germany,EU,Central,OFF-ST-10000127,Office Supplies,Storage,"Fellowes Shelving, Wire Frame",0,2,0.1,35.238,3.3,Medium,2011
CA-2011-1800,01-03-2011,04-03-2011,First Class,Tom Prescott,Consumer,Ontario,Canada,Canada,Canada,OFF-OIC-10002161,Office Supplies,Fasteners,"OIC Push Pins, Assorted Sizes",1,1,0,2.46,3.1,High,2011
CA-2011-1800,01-03-2011,04-03-2011,First Class,Tom Prescott,Consumer,Ontario,Canada,Canada,Canada,OFF-HON-10001783,Office Supplies,Labels,"Hon Shipping Labels, 5000 Label Set",0,1,0,5.64,2.24,High,2011
UP-2011-3730,01-03-2011,05-03-2011,Standard Class,Ruben Dartt,Consumer,Vinnytsya,Ukraine,EMEA,EMEA,FUR-NOV-10004962,Furniture,Chairs,"Novimex Bag Chairs, Adjustable",0,1,0,12.09,2.21,Medium,2011
CA-2011-131009,01-03-2011,05-03-2011,Standard Class,Shahid Collister,Consumer,Texas,United States,US,Central,OFF-FA-10004395,Office Supplies,Fasteners,Plymouth Boxed Rubber Bands by Plymouth,1,5,0.2,-3.5325,2.05,Medium,2011
CA-2011-113880,01-03-2011,05-03-2011,Standard Class,Vicky Freymann,Home Office,Illinois,United States,US,Central,OFF-PA-10003036,Office Supplies,Paper,"Black Print Carbonless 8 1/2"" x 8 1/4"" Rapid Memo Book",0,3,0.2,5.6784,1.94,High,2011
UP-2011-3090,01-03-2011,01-03-2011,Same Day,Bryan Spruell,Home Office,Kherson,Ukraine,EMEA,EMEA,OFF-HON-10000137,Office Supplies,Labels,"Hon Round Labels, Laser Printer Compatible",1,2,0,5.46,1.94,Medium,2011
UP-2011-3730,01-03-2011,05-03-2011,Standard Class,Ruben Dartt,Consumer,Vinnytsya,Ukraine,EMEA,EMEA,OFF-TEN-10001585,Office Supplies,Storage,"Tenex Box, Single Width",0,1,0,7.41,1.14,Medium,2011
IN-2011-59986,01-03-2011,03-03-2011,First Class,Katherine Hughes,Consumer,South Australia,Australia,APAC,Oceania,OFF-BI-10004436,Office Supplies,Binders,"Acco Hole Reinforcements, Recycled",1,2,0.1,-1.164,1.05,High,2011
IN-2011-52146,01-03-2011,05-03-2011,Standard Class,Brian DeCherney,Consumer,Victoria,Australia,APAC,Oceania,OFF-BI-10000583,Office Supplies,Binders,"Wilson Jones Hole Reinforcements, Clear",0,6,0.1,4.266,1.02,Medium,2011
ES-2011-3227800,01-03-2011,05-03-2011,Standard Class,Jeremy Farry,Consumer,Lazio,Italy,EU,South,OFF-BI-10003650,Office Supplies,Binders,"Ibico Index Tab, Clear",1,2,0,3.18,0.97,Medium,2011
UP-2011-3730,01-03-2011,05-03-2011,Standard Class,Ruben Dartt,Consumer,Vinnytsya,Ukraine,EMEA,EMEA,OFF-TEN-10003211,Office Supplies,Storage,"Tenex Box, Wire Frame",0,2,0,14.28,0.81,Medium,2011
NI-2011-190,01-03-2011,06-03-2011,Standard Class,Edward Hooks,Corporate,Kano,Nigeria,Africa,Africa,OFF-HOO-10002386,Office Supplies,Appliances,"Hoover Toaster, Silver",1,1,0.7,-28.713,0.79,Medium,2011
US-2011-143707,01-03-2011,05-03-2011,Standard Class,Hallie Redmond,Home Office,New York,United States,US,East,TEC-PH-10003655,Technology,Phones,Sannysis Cute Owl Design Soft Skin Case Cover for Samsung Galaxy S4,1,3,0,1.6038,0.42,Medium,2011
IN-2011-53469,02-03-2011,07-03-2011,Standard Class,Chuck Clark,Home Office,Victoria,Australia,APAC,Oceania,FUR-BO-10003384,Furniture,Bookcases,"Ikea Corner Shelving, Traditional",1,7,0.1,146.328,52.13,Medium,2011
IN-2011-53469,02-03-2011,07-03-2011,Standard Class,Chuck Clark,Home Office,Victoria,Australia,APAC,Oceania,FUR-BO-10004404,Furniture,Bookcases,"Ikea 3-Shelf Cabinet, Pine",0,6,0.1,94.806,51.08,Medium,2011
ID-2011-34037,02-03-2011,02-03-2011,Same Day,Mary Zewe,Corporate,Jawa Barat,Indonesia,APAC,Southeast Asia,FUR-CH-10002250,Furniture,Chairs,"Office Star Executive Leather Armchair, Black",0,2,0.27,186.9678,48.69,Medium,2011
IN-2011-34800,02-03-2011,06-03-2011,Standard Class,Giulietta Dortch,Corporate,Queensland,Australia,APAC,Oceania,FUR-CH-10001752,Furniture,Chairs,"Harbour Creations Steel Folding Chair, Black",0,3,0.1,31.482,28.53,Medium,2011
ID-2011-34037,02-03-2011,02-03-2011,Same Day,Mary Zewe,Corporate,Jawa Barat,Indonesia,APAC,Southeast Asia,TEC-CO-10002350,Technology,Copiers,"Canon Wireless Fax, Digital",0,3,0.07,-34.083,27.16,Medium,2011
IZ-2011-6520,02-03-2011,06-03-2011,Standard Class,Natalie Webber,Consumer,Baghdad,Iraq,EMEA,EMEA,OFF-ROG-10000191,Office Supplies,Storage,"Rogers Lockers, Wire Frame",1,1,0,52.65,21.46,Medium,2011
CA-2011-111157,02-03-2011,06-03-2011,Standard Class,Nicole Hansen,Corporate,Pennsylvania,United States,US,East,TEC-AC-10004353,Technology,Accessories,Hypercom P1300 Pinpad,0,3,0.2,32.13,9.21,High,2011
IN-2011-53469,02-03-2011,07-03-2011,Standard Class,Chuck Clark,Home Office,Victoria,Australia,APAC,Oceania,OFF-BI-10002919,Office Supplies,Binders,"Acco Binder Covers, Durable",1,8,0.1,16.464,7.66,Medium,2011
MX-2011-158575,02-03-2011,06-03-2011,Standard Class,Frank Hawley,Corporate,Las Tunas,Cuba,LATAM,Caribbean,OFF-PA-10000994,Office Supplies,Paper,"Enermax Message Books, 8.5 x 11",0,2,0,14.2,2.25,Medium,2011
CA-2011-107524,02-03-2011,08-03-2011,Standard Class,Kristina Nunn,Home Office,New York,United States,US,East,OFF-PA-10000587,Office Supplies,Paper,"Array Parchment Paper, Assorted Colors",1,5,0,17.472,2.18,Medium,2011
IN-2011-53469,02-03-2011,07-03-2011,Standard Class,Chuck Clark,Home Office,Victoria,Australia,APAC,Oceania,OFF-AR-10002340,Office Supplies,Art,"Stanley Markers, Water Color",0,2,0.1,4.524,1.46,Medium,2011
CA-2011-107524,02-03-2011,08-03-2011,Standard Class,Kristina Nunn,Home Office,New York,United States,US,East,OFF-EN-10001990,Office Supplies,Envelopes,Staples,1,2,0,5.3392,0.94,Medium,2011
CA-2011-111157,02-03-2011,06-03-2011,Standard Class,Nicole Hansen,Corporate,Pennsylvania,United States,US,East,OFF-PA-10000327,Office Supplies,Paper,Xerox 1971,0,1,0.2,1.07,0.41,High,2011
AL-2011-7440,03-03-2011,05-03-2011,Second Class,Scot Coram,Corporate,Elbasan,Albania,EMEA,EMEA,TEC-STA-10002497,Technology,Machines,"StarTech Card Printer, White",1,10,0,258.9,301.73,High,2011
IN-2011-52853,03-03-2011,08-03-2011,Second Class,Mike Vittorini,Consumer,Dhaka,Bangladesh,APAC,Central Asia,FUR-CH-10000432,Furniture,Chairs,"Harbour Creations Swivel Stool, Adjustable",0,6,0,65.7,100.65,High,2011
MX-2011-150357,03-03-2011,05-03-2011,Second Class,Mitch Willingham,Corporate,Santo Domingo,Dominican Republic,LATAM,Caribbean,FUR-CH-10004572,Furniture,Chairs,"Office Star Executive Leather Armchair, Adjustable",1,3,0.2,56.352,70.49,High,2011
MO-2011-720,03-03-2011,07-03-2011,Standard Class,Ben Wallace,Consumer,Grand Casablanca,Morocco,Africa,Africa,TEC-PAN-10000577,Technology,Machines,"Panasonic Inkjet, White",1,1,0,90.03,48.52,High,2011
MO-2011-720,03-03-2011,07-03-2011,Standard Class,Ben Wallace,Consumer,Grand Casablanca,Morocco,Africa,Africa,TEC-STA-10000893,Technology,Machines,"StarTech Inkjet, White",0,2,0,263.04,43.14,High,2011
RO-2011-6490,03-03-2011,09-03-2011,Standard Class,Sandra Flanagan,Consumer,Iasi,Romania,EMEA,EMEA,TEC-KON-10002034,Technology,Machines,"Konica Receipt Printer, Wireless",0,4,0,97.8,36.03,Medium,2011
US-2011-115392,03-03-2011,10-03-2011,Standard Class,Cari Schnelling,Consumer,Cortés,Honduras,LATAM,Central,TEC-CO-10002271,Technology,Copiers,"Sharp Fax Machine, Laser",0,7,0.402,-389.1594,35.2,Low,2011
US-2011-127978,03-03-2011,08-03-2011,Standard Class,Jill Stevenson,Corporate,Ohio,United States,US,East,FUR-BO-10001972,Furniture,Bookcases,O'Sullivan 4-Shelf Bookcase in Odessa Pine,1,5,0.5,-199.617,34.51,Medium,2011
CA-2011-105648,03-03-2011,07-03-2011,Standard Class,Eva Jacobs,Consumer,California,United States,US,West,FUR-TA-10002958,Furniture,Tables,"Bevis Oval Conference Table, Walnut",0,3,0.2,-23.4882,32.55,Medium,2011
RO-2011-6490,03-03-2011,09-03-2011,Standard Class,Sandra Flanagan,Consumer,Iasi,Romania,EMEA,EMEA,FUR-DAN-10001462,Furniture,Bookcases,"Dania Stackable Bookrack, Pine",1,4,0,4.8,27.75,Medium,2011
CA-2011-127964,03-03-2011,08-03-2011,Standard Class,Anne Pryor,Home Office,New York,United States,US,East,OFF-BI-10004593,Office Supplies,Binders,Ibico Laser Imprintable Binding System Covers,0,3,0.2,40.872,22.16,High,2011
US-2011-115392,03-03-2011,10-03-2011,Standard Class,Cari Schnelling,Consumer,Cortés,Honduras,LATAM,Central,TEC-PH-10003102,Technology,Phones,"Samsung Audio Dock, with Caller ID",0,5,0.4,-200.24,19.72,Low,2011
IN-2011-52853,03-03-2011,08-03-2011,Second Class,Mike Vittorini,Consumer,Dhaka,Bangladesh,APAC,Central Asia,TEC-CO-10003951,Technology,Copiers,"HP Copy Machine, High-Speed",1,3,0,160.83,18.07,High,2011
EG-2011-2040,03-03-2011,07-03-2011,Standard Class,Anne Pryor,Home Office,Al Qahirah,Egypt,Africa,Africa,OFF-KIT-10001040,Office Supplies,Appliances,"KitchenAid Coffee Grinder, Black",1,2,0,57.3,11.09,Medium,2011
CA-2011-130421,03-03-2011,07-03-2011,Standard Class,Sam Craven,Consumer,Texas,United States,US,Central,OFF-AP-10002534,Office Supplies,Appliances,3.6 Cubic Foot Counter Height Office Refrigerator,1,3,0.8,-459.6072,10.65,Medium,2011
AG-2011-380,03-03-2011,09-03-2011,Standard Class,Christopher Conant,Consumer,Alger,Algeria,Africa,Africa,FUR-ELD-10003131,Furniture,Furnishings,"Eldon Frame, Durable",1,1,0,29.43,9.51,Medium,2011
NI-2011-1790,03-03-2011,10-03-2011,Standard Class,Astrea Jones,Consumer,Anambra,Nigeria,Africa,Africa,OFF-SME-10002740,Office Supplies,Storage,"Smead Lockers, Single Width",0,2,0.7,-99.27,9.39,Medium,2011
RO-2011-6490,03-03-2011,09-03-2011,Standard Class,Sandra Flanagan,Consumer,Iasi,Romania,EMEA,EMEA,TEC-APP-10004049,Technology,Phones,"Apple Speaker Phone, Cordless",0,1,0,27.75,7.47,Medium,2011
ES-2011-1708225,03-03-2011,09-03-2011,Standard Class,David Philippe,Consumer,Emilia-Romagna,Italy,EU,South,OFF-FA-10004899,Office Supplies,Fasteners,"OIC Clamps, 12 Pack",1,3,0,28.8,6.89,Low,2011
IS-2011-9280,03-03-2011,07-03-2011,Standard Class,Thais Sissman,Consumer,Jerusalem,Israel,EMEA,EMEA,TEC-MEM-10004782,Technology,Accessories,"Memorex Keyboard, Erganomic",1,1,0,1.38,5.58,Medium,2011
ES-2011-4926746,03-03-2011,06-03-2011,Second Class,Roger Barcio,Home Office,Pays de la Loire,France,EU,Central,OFF-ST-10001576,Office Supplies,Storage,"Tenex Folders, Blue",0,2,0.1,10.656,3.77,Medium,2011
ES-2011-4926746,03-03-2011,06-03-2011,Second Class,Roger Barcio,Home Office,Pays de la Loire,France,EU,Central,OFF-BI-10000542,Office Supplies,Binders,"Wilson Jones 3-Hole Punch, Durable",1,2,0,12.36,3.1,Medium,2011
CA-2011-127964,03-03-2011,08-03-2011,Standard Class,Anne Pryor,Home Office,New York,United States,US,East,OFF-BI-10003429,Office Supplies,Binders,"Cardinal HOLDit! Binder Insert Strips,Extra Strips",1,5,0.2,9.1785,2.48,High,2011
IR-2011-5440,03-03-2011,09-03-2011,Standard Class,Yana Sorensen,Corporate,Razavi Khorasan,Iran,EMEA,EMEA,OFF-ROG-10004393,Office Supplies,Storage,"Rogers Folders, Industrial",1,1,0,4.35,2.2,Medium,2011
NI-2011-1790,03-03-2011,10-03-2011,Standard Class,Astrea Jones,Consumer,Anambra,Nigeria,Africa,Africa,FUR-HON-10000191,Furniture,Chairs,"Hon Bag Chairs, Adjustable",0,4,0.7,-91.512,2.08,Medium,2011
US-2011-127978,03-03-2011,08-03-2011,Standard Class,Jill Stevenson,Corporate,Ohio,United States,US,East,OFF-ST-10002486,Office Supplies,Storage,Eldon Shelf Savers Cubes and Bins,1,8,0.2,-10.0512,1.94,Medium,2011
US-2011-115392,03-03-2011,10-03-2011,Standard Class,Cari Schnelling,Consumer,Cortés,Honduras,LATAM,Central,OFF-FA-10003058,Office Supplies,Fasteners,"Stockwell Rubber Bands, Assorted Sizes",1,3,0.4,-9.552,1.74,Low,2011
US-2011-127978,03-03-2011,08-03-2011,Standard Class,Jill Stevenson,Corporate,Ohio,United States,US,East,OFF-LA-10000305,Office Supplies,Labels,Avery 495,0,3,0.2,4.914,1.37,Medium,2011
US-2011-115392,03-03-2011,10-03-2011,Standard Class,Cari Schnelling,Consumer,Cortés,Honduras,LATAM,Central,OFF-LA-10002782,Office Supplies,Labels,"Hon File Folder Labels, Adjustable",1,3,0.4,-0.672,1.23,Low,2011
US-2011-128475,03-03-2011,07-03-2011,Standard Class,Chris Cortes,Consumer,Cortés,Honduras,LATAM,Central,OFF-EN-10003577,Office Supplies,Envelopes,"GlobeWeis Manila Envelope, with clear poly window",0,1,0.4,-6.608,1.07,Medium,2011
CA-2011-155852,03-03-2011,07-03-2011,Second Class,Ashley Jarboe,Consumer,North Carolina,United States,US,South,OFF-AR-10003560,Office Supplies,Art,Zebra Zazzle Fluorescent Highlighters,1,4,0.2,3.4048,1.05,Medium,2011
EG-2011-2040,03-03-2011,07-03-2011,Standard Class,Anne Pryor,Home Office,Al Qahirah,Egypt,Africa,Africa,OFF-BIN-10001274,Office Supplies,Art,"Binney & Smith Pens, Blue",0,2,0,10.02,1.02,Medium,2011
CA-2011-127964,03-03-2011,08-03-2011,Standard Class,Anne Pryor,Home Office,New York,United States,US,East,TEC-PH-10004700,Technology,Phones,PowerGen Dual USB Car Charger,1,1,0,4.5954,0.99,High,2011
IS-2011-9280,03-03-2011,07-03-2011,Standard Class,Thais Sissman,Consumer,Jerusalem,Israel,EMEA,EMEA,OFF-ADV-10000331,Office Supplies,Fasteners,"Advantus Paper Clips, Assorted Sizes",0,1,0,6.39,0.39,Medium,2011
IN-2011-75743,04-03-2011,09-03-2011,Standard Class,Brad Eason,Home Office,Sichuan,China,APAC,North Asia,TEC-PH-10002217,Technology,Phones,"Cisco Audio Dock, Cordless",0,3,0,0,83.22,High,2011
CA-2011-116239,04-03-2011,04-03-2011,Same Day,Clay Ludtke,Consumer,South Carolina,United States,US,South,OFF-ST-10001370,Office Supplies,Storage,Sensible Storage WireTech Storage Systems,1,5,0,17.745,74.5,High,2011
MX-2011-138632,04-03-2011,08-03-2011,Standard Class,Darrin Martin,Consumer,Managua,Nicaragua,LATAM,Central,OFF-BI-10001507,Office Supplies,Binders,"Ibico Binder, Durable",1,8,0,25.28,11.87,High,2011
MX-2011-138632,04-03-2011,08-03-2011,Standard Class,Darrin Martin,Consumer,Managua,Nicaragua,LATAM,Central,OFF-SU-10004481,Office Supplies,Supplies,"Stiletto Shears, Serrated",0,3,0,15.18,6.54,High,2011
TU-2011-6490,04-03-2011,09-03-2011,Standard Class,Pierre Wener,Consumer,Istanbul,Turkey,EMEA,EMEA,TEC-PAN-10000131,Technology,Machines,"Panasonic Receipt Printer, Red",0,2,0.6,-25.98,4.07,Medium,2011
NI-2011-4420,04-03-2011,08-03-2011,Standard Class,John Lee,Consumer,Enugu,Nigeria,Africa,Africa,TEC-HEW-10004652,Technology,Copiers,"Hewlett Personal Copier, Laser",1,1,0.7,-92.349,3.02,Medium,2011
CA-2011-117016,04-03-2011,09-03-2011,Standard Class,Sanjit Chand,Consumer,Florida,United States,US,South,OFF-AR-10001374,Office Supplies,Art,"BIC Brite Liner Highlighters, Chisel Tip",1,3,0.2,2.3328,1.31,Medium,2011
CA-2011-169061,05-03-2011,08-03-2011,Second Class,Aimee Bixby,Consumer,New York,United States,US,East,TEC-AC-10002001,Technology,Accessories,Logitech Wireless Gaming Headset G930,1,3,0,177.5889,55.01,Medium,2011
CA-2011-169061,05-03-2011,08-03-2011,Second Class,Aimee Bixby,Consumer,New York,United States,US,East,OFF-PA-10001878,Office Supplies,Paper,Xerox 1891,0,2,0,45.9754,10.13,Medium,2011
CA-2011-169061,05-03-2011,08-03-2011,Second Class,Aimee Bixby,Consumer,New York,United States,US,East,OFF-AR-10000588,Office Supplies,Art,Newell 345,0,3,0,15.4752,8.02,Medium,2011
CA-2011-169061,05-03-2011,08-03-2011,Second Class,Aimee Bixby,Consumer,New York,United States,US,East,OFF-BI-10001617,Office Supplies,Binders,GBC Wire Binding Combs,1,6,0.2,16.7508,7.52,Medium,2011
ES-2011-2242689,05-03-2011,11-03-2011,Standard Class,Shirley Daniels,Home Office,England,United Kingdom,EU,North,OFF-AR-10001461,Office Supplies,Art,"BIC Canvas, Water Color",0,2,0.1,-10.296,7.29,Medium,2011
PL-2011-4990,05-03-2011,12-03-2011,Standard Class,Barry Pond,Corporate,Silesia,Poland,EMEA,EMEA,OFF-IBI-10000440,Office Supplies,Binders,"Ibico Binder Covers, Clear",1,2,0,1.8,1.99,Low,2011
CA-2011-169061,05-03-2011,08-03-2011,Second Class,Aimee Bixby,Consumer,New York,United States,US,East,OFF-SU-10000381,Office Supplies,Supplies,Acme Forged Steel Scissors with Black Enamel Handles,1,2,0,5.3998,1.91,Medium,2011
MX-2011-105564,06-03-2011,09-03-2011,Second Class,Russell D'Ascenzo,Consumer,Guatemala,Guatemala,LATAM,Central,OFF-EN-10004988,Office Supplies,Envelopes,"Cameo Mailers, Set of 50",1,5,0,29.2,15.77,High,2011
MX-2011-105564,06-03-2011,09-03-2011,Second Class,Russell D'Ascenzo,Consumer,Guatemala,Guatemala,LATAM,Central,OFF-BI-10000765,Office Supplies,Binders,"Avery Hole Reinforcements, Durable",0,2,0,1.48,0.69,High,2011
SA-2011-1980,07-03-2011,11-03-2011,Standard Class,Maureen Gnade,Consumer,Makkah,Saudi Arabia,EMEA,EMEA,TEC-LOG-10002018,Technology,Accessories,"Logitech Memory Card, Erganomic",1,10,0,20.1,137.14,High,2011
CA-2011-104563,07-03-2011,12-03-2011,Standard Class,Craig Molinari,Corporate,Washington,United States,US,West,FUR-CH-10004495,Furniture,Chairs,"Global Leather and Oak Executive Chair, Black",0,2,0.2,54.1764,42.74,Medium,2011
CA-2011-104563,07-03-2011,12-03-2011,Standard Class,Craig Molinari,Corporate,Washington,United States,US,West,FUR-CH-10002780,Furniture,Chairs,Office Star - Task Chair with Contemporary Loop Arms,0,6,0.2,21.8352,38.45,Medium,2011
MX-2011-134684,07-03-2011,11-03-2011,Standard Class,Paul Gonzalez,Consumer,Guatemala,Guatemala,LATAM,Central,OFF-ST-10004976,Office Supplies,Storage,"Rogers Lockers, Blue",1,6,0,25.32,35.98,Medium,2011
ES-2011-4410046,07-03-2011,08-03-2011,First Class,Toby Swindell,Consumer,Ile-de-France,France,EU,Central,OFF-AR-10004739,Office Supplies,Art,"BIC Canvas, Easy-Erase",0,2,0,36.66,16.03,High,2011
CA-2011-156587,07-03-2011,08-03-2011,First Class,Aaron Bergman,Consumer,Washington,United States,US,West,FUR-CH-10004477,Furniture,Chairs,"Global Push Button Manager's Chair, Indigo",0,1,0.2,5.4801,11.13,High,2011
CA-2011-104563,07-03-2011,12-03-2011,Standard Class,Craig Molinari,Corporate,Washington,United States,US,West,OFF-ST-10000934,Office Supplies,Storage,"Contico 72""H Heavy-Duty Storage System",0,5,0,0,10.65,Medium,2011
SA-2011-1980,07-03-2011,11-03-2011,Standard Class,Maureen Gnade,Consumer,Makkah,Saudi Arabia,EMEA,EMEA,OFF-ADV-10004030,Office Supplies,Fasteners,"Advantus Push Pins, Metal",1,4,0,2.28,9.01,High,2011
US-2011-131982,07-03-2011,11-03-2011,Second Class,Nora Pelletier,Home Office,Washington,United States,US,West,OFF-BI-10004224,Office Supplies,Binders,Catalog Binders with Expanding Posts,1,2,0.2,33.64,6.44,Medium,2011
SA-2011-1980,07-03-2011,11-03-2011,Standard Class,Maureen Gnade,Consumer,Makkah,Saudi Arabia,EMEA,EMEA,TEC-MOT-10002260,Technology,Phones,"Motorola Office Telephone, Cordless",0,1,0,19.38,6.38,High,2011
SA-2011-1980,07-03-2011,11-03-2011,Standard Class,Maureen Gnade,Consumer,Makkah,Saudi Arabia,EMEA,EMEA,OFF-IBI-10004959,Office Supplies,Binders,"Ibico Binder, Economy",0,2,0,8.64,4.62,High,2011
CA-2011-156587,07-03-2011,08-03-2011,First Class,Aaron Bergman,Consumer,Washington,United States,US,West,OFF-AR-10001427,Office Supplies,Art,Newell 330,1,3,0,4.6644,4.29,High,2011
IN-2011-54302,07-03-2011,10-03-2011,Second Class,Naresj Patel,Consumer,Dhaka,Bangladesh,APAC,Central Asia,FUR-BO-10004917,Furniture,Bookcases,"Dania Stackable Bookrack, Mobile",0,1,0,44.97,3.96,Medium,2011
CM-2011-6790,07-03-2011,14-03-2011,Standard Class,Bart Watters,Corporate,Centre,Cameroon,Africa,Africa,OFF-ROG-10002279,Office Supplies,Storage,"Rogers Box, Blue",1,1,0,0.45,2.11,Low,2011
CM-2011-6790,07-03-2011,14-03-2011,Standard Class,Bart Watters,Corporate,Centre,Cameroon,Africa,Africa,OFF-SME-10000880,Office Supplies,Storage,"Smead Box, Blue",1,1,0,0,1.44,Low,2011
CA-2011-156587,07-03-2011,08-03-2011,First Class,Aaron Bergman,Consumer,Washington,United States,US,West,OFF-ST-10002344,Office Supplies,Storage,"Carina 42""Hx23 3/4""W Media Storage Unit",0,3,0,4.8588,1.28,High,2011
MX-2011-134684,07-03-2011,11-03-2011,Standard Class,Paul Gonzalez,Consumer,Guatemala,Guatemala,LATAM,Central,OFF-EN-10003472,Office Supplies,Envelopes,"Cameo Clasp Envelope, Security-Tint",1,2,0,2.04,1.05,Medium,2011
CA-2011-104563,07-03-2011,12-03-2011,Standard Class,Craig Molinari,Corporate,Washington,United States,US,West,OFF-AR-10000390,Office Supplies,Art,Newell Chalk Holder,0,5,0,9.499,0.52,Medium,2011
MX-2011-152681,08-03-2011,13-03-2011,Standard Class,Greg Tran,Consumer,San Salvador,El Salvador,LATAM,Central,FUR-CH-10000932,Furniture,Chairs,"Harbour Creations Executive Leather Armchair, Red",0,9,0,1313.28,145.5,Medium,2011
IN-2011-33855,08-03-2011,12-03-2011,Second Class,Jim Radford,Consumer,Victoria,Australia,APAC,Oceania,TEC-PH-10003546,Technology,Phones,"Apple Signal Booster, with Caller ID",0,7,0.1,143.325,142.19,Medium,2011
IN-2011-30306,08-03-2011,13-03-2011,Standard Class,Steve Carroll,Home Office,Phnom Penh,Cambodia,APAC,Southeast Asia,FUR-TA-10001786,Furniture,Tables,"Chromcraft Computer Table, with Bottom Storage",0,3,0,292.59,78.66,Medium,2011
MX-2011-152681,08-03-2011,13-03-2011,Standard Class,Greg Tran,Consumer,San Salvador,El Salvador,LATAM,Central,OFF-AP-10001548,Office Supplies,Appliances,"Hoover Toaster, Silver",1,11,0,284.46,49.07,Medium,2011
IN-2011-67028,08-03-2011,12-03-2011,Standard Class,David Kendrick,Corporate,National Capital,Philippines,APAC,Southeast Asia,TEC-PH-10000365,Technology,Phones,"Cisco Office Telephone, with Caller ID",0,9,0.25,-7.425,40.48,Medium,2011
IN-2011-30306,08-03-2011,13-03-2011,Standard Class,Steve Carroll,Home Office,Phnom Penh,Cambodia,APAC,Southeast Asia,TEC-CO-10003506,Technology,Copiers,"HP Fax Machine, Laser",1,3,0,296.91,34.24,Medium,2011
NI-2011-4070,08-03-2011,14-03-2011,Standard Class,Georgia Rosenberg,Corporate,Lagos,Nigeria,Africa,Africa,TEC-CAN-10000932,Technology,Copiers,"Canon Fax Machine, Color",1,4,0.7,-575.724,29.68,Medium,2011
IN-2011-67028,08-03-2011,12-03-2011,Standard Class,David Kendrick,Corporate,National Capital,Philippines,APAC,Southeast Asia,TEC-PH-10003713,Technology,Phones,"Nokia Smart Phone, Cordless",0,2,0.25,38.145,20.84,Medium,2011
MX-2011-145135,08-03-2011,08-03-2011,Same Day,Corey Roper,Home Office,Panama,Panama,LATAM,Central,TEC-CO-10004981,Technology,Copiers,"Sharp Personal Copier, Laser",0,3,0.402,9.12,16.2,High,2011
IN-2011-33855,08-03-2011,12-03-2011,Second Class,Jim Radford,Consumer,Victoria,Australia,APAC,Oceania,TEC-PH-10001002,Technology,Phones,"Apple Signal Booster, Full Size",0,1,0.1,39.996,10.9,Medium,2011
IN-2011-33855,08-03-2011,12-03-2011,Second Class,Jim Radford,Consumer,Victoria,Australia,APAC,Oceania,TEC-AC-10003640,Technology,Accessories,"SanDisk Mouse, Programmable",1,4,0.1,-12.804,9.83,Medium,2011
NI-2011-4070,08-03-2011,14-03-2011,Standard Class,Georgia Rosenberg,Corporate,Lagos,Nigeria,Africa,Africa,TEC-KON-10002194,Technology,Machines,"Konica Printer, White",1,1,0.7,-106.515,9.76,Medium,2011
ES-2011-2535754,08-03-2011,13-03-2011,Standard Class,Luke Weiss,Consumer,Baden-Württemberg,Germany,EU,Central,OFF-FA-10000670,Office Supplies,Fasteners,"Advantus Clamps, Assorted Sizes",1,7,0,15.12,9.69,Medium,2011
IN-2011-33855,08-03-2011,12-03-2011,Second Class,Jim Radford,Consumer,Victoria,Australia,APAC,Oceania,TEC-MA-10002039,Technology,Machines,"Panasonic Calculator, Wireless",0,7,0.1,13.944,9.56,Medium,2011
GG-2011-3530,08-03-2011,14-03-2011,Standard Class,Jeremy Farry,Consumer,Tbilisi,Georgia,EMEA,EMEA,FUR-RUB-10002507,Furniture,Furnishings,"Rubbermaid Stacking Tray, Black",1,4,0,31.2,8.43,Medium,2011
PL-2011-7070,08-03-2011,13-03-2011,Second Class,Joe Kamberova,Consumer,Masovia,Poland,EMEA,EMEA,TEC-BEL-10000681,Technology,Accessories,"Belkin Mouse, USB",1,1,0,6.12,7.1,High,2011
IN-2011-30306,08-03-2011,13-03-2011,Standard Class,Steve Carroll,Home Office,Phnom Penh,Cambodia,APAC,Southeast Asia,OFF-SU-10001848,Office Supplies,Supplies,"Kleencut Ruler, Easy Grip",1,5,0,18.15,5.5,Medium,2011
CA-2011-8990,08-03-2011,12-03-2011,Standard Class,Dennis Kane,Consumer,British Columbia,Canada,Canada,Canada,OFF-IBI-10004074,Office Supplies,Binders,"Ibico 3-Hole Punch, Clear",0,2,0,23.88,5,Medium,2011
US-2011-166002,08-03-2011,11-03-2011,First Class,Maurice Satty,Consumer,Buenos Aires,Argentina,LATAM,South,OFF-FA-10002453,Office Supplies,Fasteners,"Stockwell Thumb Tacks, Bulk Pack",0,3,0.4,-0.864,4.07,High,2011
IN-2011-30306,08-03-2011,13-03-2011,Standard Class,Steve Carroll,Home Office,Phnom Penh,Cambodia,APAC,Southeast Asia,OFF-BI-10002708,Office Supplies,Binders,"Acco Binder, Clear",0,6,0,20.16,3.76,Medium,2011
ID-2011-14094,08-03-2011,10-03-2011,Second Class,Kalyca Meade,Corporate,Jakarta,Indonesia,APAC,Southeast Asia,OFF-PA-10001835,Office Supplies,Paper,"SanDisk Computer Printout Paper, 8.5 x 11",0,4,0.47,-63.7884,3.05,Medium,2011
NI-2011-4070,08-03-2011,14-03-2011,Standard Class,Georgia Rosenberg,Corporate,Lagos,Nigeria,Africa,Africa,OFF-ACC-10002220,Office Supplies,Binders,"Acco Binding Machine, Economy",0,2,0.7,-41.946,2.94,Medium,2011
GG-2011-3530,08-03-2011,14-03-2011,Standard Class,Jeremy Farry,Consumer,Tbilisi,Georgia,EMEA,EMEA,OFF-STO-10001839,Office Supplies,Fasteners,"Stockwell Rubber Bands, Bulk Pack",1,1,0,7.26,1.06,Medium,2011
SF-2011-1480,09-03-2011,12-03-2011,First Class,Anna Gayman,Consumer,Gauteng,South Africa,Africa,Africa,OFF-SAN-10001634,Office Supplies,Art,"Sanford Canvas, Easy-Erase",0,1,0,6.6,17.69,High,2011
SF-2011-1480,09-03-2011,12-03-2011,First Class,Anna Gayman,Consumer,Gauteng,South Africa,Africa,Africa,OFF-WIL-10000164,Office Supplies,Binders,"Wilson Jones Binding Machine, Durable",0,1,0,0.99,14.53,High,2011
ID-2011-68631,09-03-2011,13-03-2011,Standard Class,Saphhira Shifley,Corporate,New South Wales,Australia,APAC,Oceania,FUR-FU-10003658,Furniture,Furnishings,"Tenex Light Bulb, Duo Pack",0,6,0.1,-1.314,9.12,High,2011
ES-2011-3832823,09-03-2011,12-03-2011,First Class,Janet Lee,Consumer,Madrid,Spain,EU,South,OFF-EN-10004667,Office Supplies,Envelopes,"Kraft Interoffice Envelope, Set of 50",1,2,0,20.64,7.7,Medium,2011
SF-2011-1480,09-03-2011,12-03-2011,First Class,Anna Gayman,Consumer,Gauteng,South Africa,Africa,Africa,OFF-NOV-10000512,Office Supplies,Labels,"Novimex Color Coded Labels, Adjustable",1,4,0,19.32,5.88,High,2011
ES-2011-3832823,09-03-2011,12-03-2011,First Class,Janet Lee,Consumer,Madrid,Spain,EU,South,OFF-AR-10001110,Office Supplies,Art,"BIC Pencil Sharpener, Water Color",0,3,0,36.63,5.83,Medium,2011
ES-2011-3832823,09-03-2011,12-03-2011,First Class,Janet Lee,Consumer,Madrid,Spain,EU,South,TEC-CO-10003525,Technology,Copiers,"Sharp Ink, Color",0,1,0,59.13,4.1,Medium,2011
SF-2011-1480,09-03-2011,12-03-2011,First Class,Anna Gayman,Consumer,Gauteng,South Africa,Africa,Africa,OFF-BIN-10003089,Office Supplies,Art,"Binney & Smith Highlighters, Easy-Erase",0,1,0,6.06,2.83,High,2011
SF-2011-1480,09-03-2011,12-03-2011,First Class,Anna Gayman,Consumer,Gauteng,South Africa,Africa,Africa,OFF-NOV-10004680,Office Supplies,Labels,"Novimex Shipping Labels, Laser Printer Compatible",0,1,0,4.83,2.64,High,2011
ES-2011-3832823,09-03-2011,12-03-2011,First Class,Janet Lee,Consumer,Madrid,Spain,EU,South,OFF-ST-10001576,Office Supplies,Storage,"Tenex Folders, Blue",1,5,0.1,26.64,0.8,Medium,2011
SF-2011-1480,09-03-2011,12-03-2011,First Class,Anna Gayman,Consumer,Gauteng,South Africa,Africa,Africa,OFF-OIC-10004810,Office Supplies,Fasteners,"OIC Paper Clips, Metal",1,2,0,7.56,0.5,High,2011
IN-2011-25084,10-03-2011,12-03-2011,First Class,Bryan Mills,Consumer,Jiangsu,China,APAC,North Asia,TEC-CO-10003354,Technology,Copiers,"Brother Fax Machine, Laser",0,4,0,382.2,248.59,Critical,2011
ES-2011-2711513,10-03-2011,10-03-2011,Same Day,Tonja Turnell,Home Office,Baden-Württemberg,Germany,EU,Central,TEC-PH-10000309,Technology,Phones,"Motorola Audio Dock, with Caller ID",1,3,0,202.77,89.92,Medium,2011
US-2011-140116,10-03-2011,17-03-2011,Standard Class,Kean Thornton,Consumer,Colorado,United States,US,West,OFF-ST-10000078,Office Supplies,Storage,Tennsco 6- and 18-Compartment Lockers,0,3,0.2,-15.9102,80.79,Low,2011
IN-2011-60357,10-03-2011,16-03-2011,Standard Class,Joy Smith,Consumer,Henan,China,APAC,North Asia,FUR-CH-10004009,Furniture,Chairs,"SAFCO Rocking Chair, Set of Two",1,8,0,252.24,56.33,Medium,2011
US-2011-140116,10-03-2011,17-03-2011,Standard Class,Kean Thornton,Consumer,Colorado,United States,US,West,OFF-AR-10001044,Office Supplies,Art,"BOSTON Ranger #55 Pencil Sharpener, Black",1,4,0.2,9.3564,15.56,Low,2011
MX-2011-133956,10-03-2011,14-03-2011,Standard Class,Katherine Ducich,Consumer,Rio Grande do Sul,Brazil,LATAM,South,FUR-CH-10001044,Furniture,Chairs,"Harbour Creations Steel Folding Chair, Adjustable",1,3,0,7.98,13.13,Medium,2011
ES-2011-3468356,10-03-2011,14-03-2011,Standard Class,Anna Gayman,Consumer,England,United Kingdom,EU,North,FUR-CH-10003355,Furniture,Chairs,"Harbour Creations Chairmat, Adjustable",1,2,0.5,-17.91,9.12,High,2011
MX-2011-147858,10-03-2011,15-03-2011,Standard Class,Tanja Norvell,Home Office,Maranhão,Brazil,LATAM,South,OFF-ST-10000035,Office Supplies,Storage,"Tenex Folders, Industrial",0,4,0,1.2,5.25,Medium,2011
TU-2011-3450,10-03-2011,16-03-2011,Standard Class,Becky Castell,Home Office,Ankara,Turkey,EMEA,EMEA,TEC-MOT-10002372,Technology,Phones,"Motorola Speaker Phone, Full Size",1,1,0.6,-64.242,5.02,Medium,2011
TU-2011-3450,10-03-2011,16-03-2011,Standard Class,Becky Castell,Home Office,Ankara,Turkey,EMEA,EMEA,OFF-SAN-10002639,Office Supplies,Art,"Sanford Markers, Easy-Erase",0,4,0.6,-54.648,2.92,Medium,2011
ES-2011-4509445,10-03-2011,17-03-2011,Standard Class,Bill Tyler,Corporate,England,United Kingdom,EU,North,OFF-FA-10001613,Office Supplies,Fasteners,"OIC Thumb Tacks, Bulk Pack",0,2,0,10.38,1.64,Medium,2011
US-2011-100279,10-03-2011,14-03-2011,Standard Class,Scott Williamson,Consumer,Michigan,United States,US,Central,OFF-PA-10002259,Office Supplies,Paper,"Geographics Note Cards, Blank, White, 8 1/2"" x 11""",0,2,0,10.7424,1.48,Medium,2011
TU-2011-3450,10-03-2011,16-03-2011,Standard Class,Becky Castell,Home Office,Ankara,Turkey,EMEA,EMEA,TEC-KON-10000091,Technology,Machines,"Konica Calculator, Red",1,1,0.6,-10.248,1.36,Medium,2011
IR-2011-7220,11-03-2011,13-03-2011,Second Class,Peter McVee,Home Office,Tehran,Iran,EMEA,EMEA,TEC-MOT-10003348,Technology,Phones,"Motorola Smart Phone, Full Size",1,1,0,244.2,285.83,Critical,2011
CA-2011-114790,11-03-2011,13-03-2011,Second Class,Filia McAdams,Corporate,Kentucky,United States,US,South,TEC-PH-10000984,Technology,Phones,Panasonic KX-TG9471B,1,3,0,164.6316,95,High,2011
ES-2011-1001989,11-03-2011,14-03-2011,First Class,Maureen Fritzler,Corporate,Berlin,Germany,EU,Central,OFF-BI-10002570,Office Supplies,Binders,"Cardinal 3-Hole Punch, Clear",1,9,0.1,27.756,38.8,Medium,2011
IN-2011-22249,11-03-2011,15-03-2011,Standard Class,Speros Goranitis,Consumer,Queensland,Australia,APAC,Oceania,TEC-AC-10002455,Technology,Accessories,"Logitech Flash Drive, Programmable",1,9,0.1,63.261,27.22,Medium,2011
MX-2011-154620,11-03-2011,16-03-2011,Standard Class,Karen Seio,Corporate,Guatemala,Guatemala,LATAM,Central,TEC-CO-10002759,Technology,Copiers,"HP Copy Machine, Laser",1,2,0.002,5.83112,24.1,Medium,2011
CA-2011-158337,11-03-2011,14-03-2011,Second Class,Kelly Andreada,Consumer,New York,United States,US,East,OFF-PA-10002137,Office Supplies,Paper,"Southworth 100% Résumé Paper, 24lb.",1,14,0,49.014,12.24,High,2011
CA-2011-114790,11-03-2011,13-03-2011,Second Class,Filia McAdams,Corporate,Kentucky,United States,US,South,OFF-AP-10002578,Office Supplies,Appliances,"Fellowes Premier Superior Surge Suppressor, 10-Outlet, With Phone and Remote",1,3,0,38.1576,7,High,2011
